/V9/PLUS X,/V9/PLUS Y
0,-3.184150777438779e-10
1e-05,-8.744734232813412e-09
3e-05,-8.306488798209619e-09
7.000000000000002e-05,-7.502174182460313e-09
0.0001361356098601914,-6.416732292848547e-09
0.0002684068295805741,-4.692422416063997e-09
0.0004684068295805741,-2.871758070511911e-09
0.0006684068295805741,-1.89520587466183e-09
0.0008342034147902871,-1.292155948902356e-09
0.001,-1.011247038650026e-09
0.0010000625,4.700174072749336e-07
0.0010001875,1.396042697767045e-06
0.00100025,1.648668984387004e-06
0.001000275289815858,1.665073393824305e-06
0.001000325869447573,1.965907018546657e-06
0.001000403110039169,2.58665472653639e-06
0.001000472899431834,3.412906541389695e-06
0.001000575832948949,4.928082922817287e-06
0.001000781699983179,9.661990090787559e-06
0.001001032486203605,1.804829271201059e-05
0.001001389669732542,3.481564620797815e-05
0.001001456072344104,3.830523471371201e-05
0.001001588877567226,4.501604591614751e-05
0.001001651054641815,4.801596136323807e-05
0.001001775408790992,5.394746533960876e-05
0.001002024117089346,6.501659464590843e-05
0.001002318643322127,7.647316994561583e-05
0.001002741491396012,8.401327635052661e-05
0.001002834120034502,8.466734554933801e-05
0.001003019377311483,8.567353909584945e-05
0.001003070513307124,8.646213310437344e-05
0.001003084427361056,8.671872560843828e-05
0.00100311225546892,8.738873840771778e-05
0.001003159814703496,8.872580805126409e-05
0.001003188474113182,8.967418459604381e-05
0.001003197309246054,9.000677277754084e-05
0.001003214979511796,9.041783938911878e-05
0.001003236618490691,9.081208665948185e-05
0.001003268626418551,9.068097180661103e-05
0.001003302943581966,8.96844156451216e-05
0.001003334552348969,8.849318954405017e-05
0.001003374955233116,8.796621704889435e-05
0.001003414633214821,8.7827177592226e-05
0.001003452569351051,8.779759364587554e-05
0.001003508354416991,8.765493215495232e-05
0.001003608494422431,8.756333206273335e-05
0.001003729749614165,8.747310121283889e-05
0.001003864874807082,8.773344137624586e-05
0.001004,8.823659026251416e-05
0.001004077404457198,8.81658039293242e-05
0.001004173499551981,8.811836195644921e-05
0.001004265854897952,8.808997430756672e-05
0.001004450565589895,8.801148979364856e-05
0.001004819986973779,8.787453951764355e-05
0.001005558829741548,8.758067776836189e-05
0.001007036515277086,8.701121335076441e-05
0.001009991886348161,8.585401934655211e-05
0.001015902628490312,8.356921894281315e-05
0.001027724112774615,7.907951858749538e-05
0.001051367081343219,7.066134802751949e-05
0.001089186444485272,5.870151285066793e-05
0.00113714714893851,4.57587204806141e-05
0.001159830966670407,4.033626072151226e-05
0.001176579953178471,3.653068083896059e-05
0.001180961424302384,3.551974320495377e-05
0.001189724366550211,3.347129982967796e-05
0.001192668984805087,3.275405175596742e-05
0.001197909512909005,3.150530000155356e-05
0.001204412744386104,2.995517471436852e-05
0.001210056393800094,2.872250179634056e-05
0.001216281380323342,2.745626834484373e-05
0.001218882925799774,2.6964233064196e-05
0.001224086016752637,2.598325077898312e-05
0.001233927695403115,2.425149047132122e-05
0.001246390252332035,2.219064269380738e-05
0.001266049562533816,1.928358363972865e-05
0.001293638672994089,1.576109341810444e-05
0.001333304414207778,1.174280960874411e-05
0.001368652207103889,8.993817589774676e-06
0.001404,6.897510290846473e-06
0.0014040625,5.726958036303982e-06
0.0014041875,3.621423568780131e-06
0.001404437500000001,-2.175439311491624e-07
0.001404673040153411,-2.866984346912093e-06
0.001405037950264001,-6.02830143997607e-06
0.001405390551667021,-9.924334119211775e-06
0.001405804522279232,-1.543586403520227e-05
0.001406546061922573,-2.550223446135917e-05
0.001406688592267871,-2.893313989430217e-05
0.00140675985744052,-3.130037527309086e-05
0.001406902387785819,-3.742153361514871e-05
0.001406936192504304,-3.886653775771187e-05
0.001406974216773695,-4.073511886573944e-05
0.001407018250989098,-4.314167339729688e-05
0.001407027231012702,-4.36860657177519e-05
0.001407045191059908,-4.406886221358241e-05
0.001407062749431969,-4.381024988327831e-05
0.001407082026480207,-4.266247896710251e-05
0.001407100287103522,-4.209328058977547e-05
0.001407135788157561,-4.139590711928986e-05
0.001407161511284422,-4.166135987617433e-05
0.001407191819646865,-4.147799419329618e-05
0.001407235380910355,-4.17945376041024e-05
0.001407310131029618,-4.198322774127244e-05
0.001407401004869428,-4.294544681657199e-05
0.001407519391793808,-4.464029917471032e-05
0.001407663024063241,-4.943597465918311e-05
0.00140783151203162,-6.090811183627884e-05
0.001408,-8.042090801500319e-05
0.001408068754133344,-8.031543156568761e-05
0.001408173705541203,-8.022353895056376e-05
0.001408272864766724,-8.011795248023279e-05
0.001408471183217767,-7.996108487650417e-05
0.001408867820119853,-7.959079478505815e-05
0.001409661093924023,-7.890628183595447e-05
0.001411247641532365,-7.748223242631288e-05
0.001414420736749049,-7.472736151333408e-05
0.001420766927182417,-6.935575952987414e-05
0.001433459308049153,-5.985809914627669e-05
0.001458844069782624,-4.555115279817068e-05
0.001498664683054374,-3.204152296236211e-05
0.00155894118176464,-2.139419937954632e-05
0.001630594628521656,-1.512778172571215e-05
0.001727595510943743,-1.060358968499486e-05
0.001852069987744155,-7.692883117307942e-06
0.002,-5.653902989567709e-06
0.00200025,-4.747547440761577e-06
0.002000355457781347,-4.444963465535852e-06
0.002000566373344041,-4.076983984654887e-06
0.002000607755272118,-3.639981120872084e-06
0.002000690519128272,-2.751807935338554e-06
0.002000708125364593,-2.475366608417343e-06
0.002000743337837236,-1.604350735528655e-06
0.002000784744825727,-6.569773196752414e-07
0.002000794538921298,-7.528606238264984e-07
0.002000814127112441,-8.822329473244829e-07
0.002000835332762126,-3.528987371976229e-07
0.002000857546259022,4.098786856682025e-07
0.002000882192802607,1.347182955691825e-06
0.00200092765215215,3.279327359046526e-06
0.002001018570851235,7.79717701517391e-06
0.002001128191835709,1.395538394177144e-05
0.002001295444973039,2.387945219187141e-05
0.002001520748865555,3.659703052243525e-05
0.002001832886882307,5.188994438815888e-05
0.002002213103381149,6.264635461199427e-05
0.002002556175047909,6.552321352641679e-05
0.002002685918797163,6.590875663570058e-05
0.00200275079067179,6.614922761493767e-05
0.002002783226609103,6.617854512571546e-05
0.002002848098483731,6.639623966244144e-05
0.00200293310439255,6.660733685980391e-05
0.00200305525409671,6.719054905752103e-05
0.00200329955350503,6.976684508259403e-05
0.002003345059623554,7.076334037401259e-05
0.002003397670007412,7.240186436466059e-05
0.0020034529688694,7.416135572405825e-05
0.002003465127285176,7.463238892406109e-05
0.002003489444116728,7.489731231204511e-05
0.002003515674854248,7.498328413715327e-05
0.002003549206795594,7.404975715255636e-05
0.002003579605682912,7.301234970526014e-05
0.002003618521477614,7.209818507714835e-05
0.002003669963989447,7.197800704102429e-05
0.002003706571781393,7.182905496463371e-05
0.002003757135656109,7.175956909610768e-05
0.002003842526969461,7.16442478377347e-05
0.00200392126348473,7.170095533543322e-05
0.002004,7.176561301391536e-05
0.002004063660145367,7.163906175177409e-05
0.002004135975388688,7.159389690574288e-05
0.002004207583781269,7.158472270837085e-05
0.002004350800566432,7.152541401209271e-05
0.002004637234136758,7.143658923819816e-05
0.00200521010127741,7.123296118994102e-05
0.002006355835558713,7.08483157608801e-05
0.00200864730412132,7.006433580506066e-05
0.002013230241246534,6.854019911200568e-05
0.002022396115496961,6.55516637263669e-05
0.002040727863997816,5.990606263550931e-05
0.002075145642087248,5.026683073950586e-05
0.002110633942130412,4.146844818712421e-05
0.002129045046367629,3.724899366203944e-05
0.002133834346716059,3.616206178859729e-05
0.00214341294741292,3.393633095749733e-05
0.002148202247761351,3.278831020866735e-05
0.002154325380083921,3.131793323020217e-05
0.002161165757011439,2.970825429428418e-05
0.002166609692048414,2.853120783564713e-05
0.002172992430438126,2.725695505480364e-05
0.002175116292492544,2.684913527471372e-05
0.00217936401660138,2.605776442455237e-05
0.002187859464819052,2.454242848469183e-05
0.00219724932663821,2.296677175822438e-05
0.002216029050276527,2.008226292433748e-05
0.002237348030082635,1.721040483252926e-05
0.00227998598969485,1.254607972914316e-05
0.00232541396450282,8.911138916821678e-06
0.00236470698225141,6.618953840133868e-06
0.002404,4.917942768245934e-06
0.0024040625,3.72949181784729e-06
0.002404187500000001,1.598114030717519e-06
0.002404437500000001,-2.195741750562923e-06
0.002404674613155864,-4.745699981588814e-06
0.002405039636818487,-7.863755739399132e-06
0.002405392984304207,-1.175726406715147e-05
0.002405809574826652,-1.748570137140566e-05
0.002406573170307954,-2.820044268512792e-05
0.002406715030108369,-3.176340165610834e-05
0.002406785960008577,-3.418273160968889e-05
0.002406927819808992,-4.003423085901274e-05
0.002406955399038647,-4.133015259604463e-05
0.002406990582811797,-4.336495011683521e-05
0.002407026170234753,-4.503938205023298e-05
0.002407034607452326,-4.541785937892543e-05
0.002407051481887471,-4.510262929041301e-05
0.002407070447493996,-4.427441032836509e-05
0.002407087457966701,-4.343785227686946e-05
0.002407118963840253,-4.284642045840568e-05
0.002407145136058482,-4.281948352988984e-05
0.002407173581319754,-4.286115545726138e-05
0.00240721103171978,-4.293184672521526e-05
0.002407285587566953,-4.329856943525908e-05
0.002407373527967408,-4.399402190637327e-05
0.002407483960225859,-4.560076925788651e-05
0.00240762096473935,-4.946551484375865e-05
0.002407822374822807,-6.274562926031345e-05
0.002408,-8.307908590228497e-05
0.002408069555602206,-8.307920113783415e-05
0.002408179574423914,-8.29814886336973e-05
0.002408281547887355,-8.286587165190829e-05
0.002408485494814238,-8.271334664978255e-05
0.002408893388668005,-8.232703190884636e-05
0.002409709176375537,-8.163424949879578e-05
0.002411340751790602,-8.015922105684395e-05
0.002414603902620731,-7.730097277720603e-05
0.00242113020428099,-7.163369243546156e-05
0.002434182807601508,-6.153001859818965e-05
0.002460288014242544,-4.628686063870005e-05
0.002499482177280695,-3.262982795126057e-05
0.002557530426897265,-2.194889303097035e-05
0.002629836198421753,-1.538120463974511e-05
0.002723396443113466,-1.084880602818514e-05
0.002847194578850246,-7.836546646065117e-06
0.003,-5.682312826941331e-06
0.00300025,-4.770741907339674e-06
0.003000355457781347,-4.468441593686885e-06
0.003000566373344041,-4.102948866036098e-06
0.00300060790680186,-3.668174297196589e-06
0.003000690973717498,-2.782977639424927e-06
0.003000708617105431,-2.505903591614187e-06
0.003000743903881299,-1.636491483384873e-06
0.003000784988128319,-6.756461585149321e-07
0.003000810535298307,-8.957193664790467e-07
0.003000836350179664,-4.03202300046695e-07
0.003000845038824036,-7.642721581687832e-08
0.003000862416112781,5.310184611024891e-07
0.00300089219049326,1.699522348663414e-06
0.003000943856246991,3.977273969358546e-06
0.003001038414137089,8.822723163059488e-06
0.003001165252265669,1.609957961671712e-05
0.003001339231170768,2.640876160400434e-05
0.003001579796672852,3.967723015450126e-05
0.003001922682319522,5.546029981138166e-05
0.003002297174879377,6.360078310595016e-05
0.003002633566685636,6.570659635167039e-05
0.003002743631150045,6.598409038504912e-05
0.003002963760078862,6.665927105955992e-05
0.003003022547736288,6.688939033527043e-05
0.003003140123051139,6.771814890226394e-05
0.00300333222049937,7.027176673054844e-05
0.003003366917250712,7.127709821263058e-05
0.003003384265626384,7.18218370511272e-05
0.003003418962377726,7.299150251716733e-05
0.003003441426077418,7.369582035241484e-05
0.003003449607562362,7.400507436846821e-05
0.003003465970532249,7.447759551520129e-05
0.003003488749760814,7.484176951442843e-05
0.003003506894213289,7.491953033463251e-05
0.003003537538726844,7.441685491937573e-05
0.003003567900778084,7.335593088498428e-05
0.003003602721434039,7.230065339156837e-05
0.003003638435598373,7.195857637336226e-05
0.003003674972800557,7.188117305572585e-05
0.00300371407869325,7.173571659454648e-05
0.003003782416397875,7.16446127845129e-05
0.003003876924361892,7.156716550156722e-05
0.003004,7.171459999709443e-05
0.003004070040608366,7.155624557379408e-05
0.003004157416851208,7.150408773657378e-05
0.003004244064868987,7.14943178530539e-05
0.003004417360904545,7.141914694407593e-05
0.003004763952975661,7.131588772788135e-05
0.003005444165648567,7.106957776608754e-05
0.003006804590994378,7.061936627304414e-05
0.003009525441686001,6.968682212460145e-05
0.003014967143069246,6.789329555516141e-05
0.003025850545835736,6.43786986160678e-05
0.003047617351368716,5.781635110088401e-05
0.003081849646624965,4.845836394931459e-05
0.003115443264484868,4.030550774151528e-05
0.003132583109297241,3.638958754573537e-05
0.003137024391918384,3.53854932220456e-05
0.003145906957160668,3.327894743170751e-05
0.003148588734374048,3.26485309937976e-05
0.003153814105381273,3.137964207951594e-05
0.003159907334700884,2.99522704386753e-05
0.003165725859726046,2.866127304965802e-05
0.003172021491286273,2.740714255432596e-05
0.003174458700381789,2.692515167556678e-05
0.003179333118572821,2.602805156876348e-05
0.003189018759931145,2.429791366154155e-05
0.003201423772386497,2.22651873940364e-05
0.00322079052909218,1.936833127685331e-05
0.003248352908925037,1.585527790788506e-05
0.003286559593131426,1.192576333355431e-05
0.003343866610714731,7.728462242443457e-06
0.003404,4.869038249526136e-06
0.0034040625,3.688191546315572e-06
0.003404187500000001,1.556187377680881e-06
0.003404437500000001,-2.236980522418598e-06
0.003404673826783627,-4.778232782011702e-06
0.003405039164241977,-7.897100527135989e-06
0.003405395340646136,-1.182503838899204e-05
0.003405812391337973,-1.756711550608235e-05
0.003406581606296027,-2.841145526699237e-05
0.003406723655983955,-3.208392320650894e-05
0.003406794680827919,-3.454699001622414e-05
0.003406936730515846,-4.043470699679789e-05
0.003406980648828267,-4.274535450104908e-05
0.003406994634278137,-4.366213217007938e-05
0.003407022605177877,-4.492062759621408e-05
0.003407041566581822,-4.547705109187066e-05
0.003407059817502381,-4.473039121351965e-05
0.003407079818951549,-4.385160502659471e-05
0.003407100604504317,-4.302198111373614e-05
0.003407125288440075,-4.29647660568436e-05
0.003407149862463741,-4.276296776181366e-05
0.003407182285941,-4.29855217590071e-05
0.003407224937465676,-4.29296211186326e-05
0.003407296517338316,-4.347456800061221e-05
0.003407379636236691,-4.40181960579578e-05
0.003407500502149226,-4.603083427681488e-05
0.003407642743976769,-5.036973882075497e-05
0.003407845514281952,-6.513623486890013e-05
0.003408,-8.311834668412688e-05
0.003408070458487056,-8.314033482909821e-05
0.003408175393772209,-8.304465541292913e-05
0.003408271626321454,-8.292868388032202e-05
0.003408464091419945,-8.279190277288692e-05
0.003408849021616926,-8.241990400096149e-05
0.003409618882010888,-8.177401094474794e-05
0.003411158602798812,-8.037492833542226e-05
0.003414238044374661,-7.768355994046377e-05
0.003420396927526357,-7.230323790366784e-05
0.003432714693829751,-6.263128838813988e-05
0.003457350226436538,-4.77393170208421e-05
0.003494685406513996,-3.392649797981116e-05
0.003551037132320452,-2.28226853025282e-05
0.003622150722933931,-1.59041551449728e-05
0.00371316031364699,-1.121189714434491e-05
0.00383389646221648,-8.090324785990361e-06
0.00391694823110824,-6.66250066559896e-06
0.004,-5.789174154579579e-06
0.00400025,-4.787267148791651e-06
0.004000355457781347,-4.483347708639814e-06
0.004000566373344041,-4.119941614611088e-06
0.004000607976984076,-3.686215185611232e-06
0.004000691184264145,-2.820426558367905e-06
0.004000708973051228,-2.515886711937143e-06
0.004000744550625392,-1.646421644567286e-06
0.004000785037756483,-6.870740620954197e-07
0.004000795023887415,-7.661523487746948e-07
0.004000814996149279,-9.180187388479556e-07
0.0040008359047929,-4.119412912254862e-07
0.004000858575179947,3.692978509848952e-07
0.004000882815414082,1.289900034641688e-06
0.004000927874561173,3.211091863650971e-06
0.004001017992855354,7.688599248396115e-06
0.004001130863760862,1.404673048581143e-05
0.004001294128445711,2.373956932442283e-05
0.004001520044889994,3.650618293243855e-05
0.004001828713036356,5.164838305975585e-05
0.004002211601574128,6.249916794371326e-05
0.004002553858317788,6.535649484820494e-05
0.004002683940593475,6.575149460911454e-05
0.004002748981731318,6.598375474497528e-05
0.00400278150230024,6.602268937045373e-05
0.004002846543438084,6.623102857429633e-05
0.004002935320679452,6.646388570310049e-05
0.004003072655083225,6.713415460978393e-05
0.004003137487055664,6.762727773421859e-05
0.004003267151000542,6.919825453796557e-05
0.004003326931931343,7.018203126180041e-05
0.004003352755741585,7.079215566853616e-05
0.004003404403362067,7.242757596286596e-05
0.004003449843803187,7.388090402350232e-05
0.004003460925372112,7.432081535103912e-05
0.004003483088509961,7.469256532068626e-05
0.004003512837416953,7.487737480719381e-05
0.004003539854912299,7.430777511167517e-05
0.004003571937580368,7.321617787988102e-05
0.00400360564690423,7.218589197650394e-05
0.004003640548624118,7.194082769185591e-05
0.004003676159478959,7.179658847570683e-05
0.004003716448225111,7.171315356973398e-05
0.004003783752616659,7.15648108018787e-05
0.004003882305325557,7.154406247563227e-05
0.004004,7.164058170245534e-05
0.004004068661513547,7.150486080445568e-05
0.004004154733513105,7.14547543513945e-05
0.0040042395298781,7.144372443065316e-05
0.004004409122608092,7.137211165049566e-05
0.004004748308068074,7.126876383586494e-05
0.004005403282879586,7.103364317524864e-05
0.00400671323250261,7.059860610889191e-05
0.004009333131748658,6.970295368684704e-05
0.004014572930240754,6.79727183479223e-05
0.004025052527224946,6.458493651459092e-05
0.00404601172119333,5.823867442281325e-05
0.004079750673107087,4.896285362778599e-05
0.004113835760514212,4.064155604339571e-05
0.004131285137998967,3.665256441524406e-05
0.004149428291357258,3.24099718807831e-05
0.004153456917261262,3.143681466431688e-05
0.004161514169069269,2.95510340327404e-05
0.004168114748292796,2.814661800170344e-05
0.004174885146730594,2.682694614897905e-05
0.004176891024475,2.64463640545572e-05
0.004180902779963814,2.571228905858141e-05
0.004188926290941442,2.429539055728611e-05
0.004204973312896697,2.16833967076798e-05
0.004224067543067498,1.890068717639368e-05
0.004253471609787268,1.52489618122067e-05
0.004295100182958781,1.117509873829102e-05
0.004353169984862132,7.188174786073849e-06
0.004404,4.879705012479025e-06
0.0044040625,3.693711244943348e-06
0.0044041875,1.560534609733512e-06
0.0044044375,-2.233459420532598e-06
0.00440467499535227,-4.782189248522636e-06
0.004405039871532191,-7.900568280837517e-06
0.004405394092904727,-1.180319290281984e-05
0.004405810235037016,-1.753280583957194e-05
0.004406574124346635,-2.825764269157196e-05
0.004406716107367569,-3.183588945212485e-05
0.004406787098878037,-3.425843610860323e-05
0.004406929081898971,-4.011561350096792e-05
0.004406956390435741,-4.140619934805377e-05
0.004406991548286839,-4.34553586871457e-05
0.004407026912151805,-4.508858155933833e-05
0.004407035028035824,-4.54547888094683e-05
0.004407051259803861,-4.513296689380645e-05
0.004407070011064909,-4.430198948719903e-05
0.004407086932342695,-4.348403713624215e-05
0.004407120774898265,-4.284301719103645e-05
0.004407147204650819,-4.283496978436097e-05
0.004407176185048219,-4.290580002648161e-05
0.00440721303930028,-4.294578234261412e-05
0.004407286747804403,-4.334921932657856e-05
0.004407369397128853,-4.396085065721111e-05
0.004407484380996017,-4.565457664059886e-05
0.004407618831098084,-4.939947882319736e-05
0.004407824907393916,-6.305100364328416e-05
0.004408,-8.311362715647865e-05
0.004408069794035182,-8.312968622204808e-05
0.004408179664407827,-8.303184569850055e-05
0.004408281089165234,-8.291489425428504e-05
0.004408483938680048,-8.276509538259242e-05
0.004408889637709676,-8.237888869349088e-05
0.004409701035768931,-8.169209764814256e-05
0.004411323831887443,-8.022315466466551e-05
0.004414569424124465,-7.738180920788372e-05
0.004421060608598509,-7.173852451970367e-05
0.004434042977546598,-6.167062090780627e-05
0.004460007715442776,-4.644365514200581e-05
0.004499114889151983,-3.274026442459823e-05
0.004556879847018036,-2.203901259272388e-05
0.004629165072926497,-1.543014894809856e-05
0.004722328083447587,-1.088684911273071e-05
0.004845945756703195,-7.861381651552883e-06
0.005,-5.681621536894846e-06
0.00500025,-4.771016042378293e-06
0.005000355457781347,-4.468712464866507e-06
0.005000566373344041,-4.103682102631626e-06
0.005000607945743096,-3.66757652305878e-06
0.005000691090541205,-2.782178023776837e-06
0.005000708741535001,-2.503714315404207e-06
0.005000744043522595,-1.633409910583291e-06
0.005000785157967189,-6.747367310767269e-07
0.005000810751478738,-8.963045025030549e-07
0.00500083655805003,-3.9600118548771e-07
0.005000845323235832,-6.667245868888042e-08
0.005000862853607436,5.463384075530198e-07
0.005000893186965871,1.741449861258667e-06
0.005000945953249127,4.074357273902264e-06
0.005001042613245721,9.05374238976322e-06
0.005001170994715193,1.64383853587087e-05
0.005001346229656672,2.681642357320635e-05
0.005001590114419767,4.020991072265786e-05
0.005001936073923822,5.594914068848662e-05
0.005002309787491066,6.372709516081332e-05
0.005002394048814847,6.449437170586818e-05
0.005002562571462407,6.540472394974805e-05
0.00500262068535115,6.565718007678836e-05
0.005002736913128636,6.597101394213738e-05
0.005002913323478487,6.648402222859086e-05
0.005003120838167418,6.749440282882152e-05
0.005003190518772568,6.829813299840363e-05
0.005003329879982867,7.021293881770477e-05
0.005003360526547762,7.112546425777301e-05
0.005003421819677552,7.302124024313687e-05
0.005003429989793611,7.33923681618037e-05
0.005003446330025728,7.382662982809149e-05
0.005003472414041418,7.469788388436606e-05
0.005003494163801793,7.481622264837384e-05
0.005003515407986142,7.493469218151597e-05
0.005003549104949757,7.39886269934843e-05
0.005003579528246777,7.301156899497574e-05
0.005003618073488507,7.198588436705686e-05
0.005003653639767483,7.202084289069873e-05
0.005003689090656049,7.172238101393088e-05
0.00500373587401214,7.1800645311896e-05
0.005003810021939564,7.150478668507186e-05
0.00500392018078346,7.169023912295329e-05
0.005004,7.161757097184489e-05
0.005004062760215171,7.155753028283687e-05
0.005004138400748379,7.15129338461101e-05
0.005004210427816347,7.150039176102114e-05
0.005004354481952283,7.144566289916123e-05
0.005004642590224154,7.135074037430127e-05
0.005005168741611664,7.116870415818859e-05
0.005006221044386684,7.081068299932352e-05
0.005008325649936724,7.009614944930189e-05
0.005012534861036804,6.868930258737054e-05
0.005020953283236964,6.59410641566656e-05
0.005037790127637284,6.071148516977803e-05
0.005071463816437923,5.118155011162082e-05
0.005107685137778244,4.210304118626367e-05
0.005126773824795179,3.771230865166831e-05
0.005131742595715197,3.658187127224499e-05
0.005141680137555231,3.429370513005074e-05
0.005146648908475248,3.310234092829351e-05
0.005153883768768877,3.137074981151576e-05
0.005155575673340597,3.095907885183392e-05
0.005158959482484036,3.016794156984558e-05
0.00516450826292745,2.891972071647638e-05
0.005172207889302913,2.736656964797818e-05
0.005175813218034562,2.667031579766865e-05
0.005183018386357588,2.535690849312279e-05
0.005192505713084559,2.370723134813491e-05
0.005210557237956168,2.085531398367162e-05
0.005231418525233064,1.793366609051848e-05
0.005263351827017772,1.418985233463879e-05
0.005308712992845309,1.009136743286071e-05
0.005356356496422654,7.039976950268416e-06
0.005404,4.897173912739165e-06
0.0054040625,3.71280554967133e-06
0.0054041875,1.579303889881373e-06
0.0054044375,-2.212870975883599e-06
0.005404674003326576,-4.757899543257619e-06
0.005405040208080884,-7.888547875668969e-06
0.005405396216967957,-1.181120109202586e-05
0.005405813024156943,-1.755568735557055e-05
0.005406583355797968,-2.841682141215206e-05
0.00540672581916947,-3.213344164107903e-05
0.005406797050855222,-3.461246951833248e-05
0.005406939514226724,-4.053326811418352e-05
0.005406983623387996,-4.289762862156776e-05
0.005406997351304131,-4.379820045394247e-05
0.0054070248071364,-4.497548192964275e-05
0.005407050429820253,-4.535075075496985e-05
0.005407069431848595,-4.419533682543367e-05
0.005407089806023218,-4.351051537324156e-05
0.005407116521231756,-4.274480528223352e-05
0.005407144687750205,-4.294501221440474e-05
0.005407171340801492,-4.277191962584591e-05
0.005407210799918915,-4.303384329414218e-05
0.005407272778936537,-4.314394625050378e-05
0.005407355557632715,-4.391760898400836e-05
0.005407456337170571,-4.503326263174483e-05
0.005407597377972683,-4.867946968883344e-05
0.005407771345085081,-5.822356563975373e-05
0.005408,-8.321067848843846e-05
0.005408069059041541,-8.309321681061236e-05
0.005408188090337653,-8.299164870656318e-05
0.005408302308517301,-8.287616978815508e-05
0.005408530744876599,-8.269184647625549e-05
0.005408987617595193,-8.227404461347549e-05
0.005409901363032383,-8.148297444683326e-05
0.005411728853906761,-7.984494768724712e-05
0.005415383835655519,-7.663375087557573e-05
0.005422693799153034,-7.035972907819214e-05
0.005437313726148064,-5.937457542770141e-05
0.005466553580138123,-4.350551128026783e-05
0.005508084533694862,-3.0533240248099e-05
0.005570062586506132,-2.044844921269903e-05
0.005643369528227185,-1.454244666491485e-05
0.0057444318177115,-1.016578159202585e-05
0.005873237638547492,-7.390631958686213e-06
0.006,-5.687097789597574e-06
0.00600025,-4.776149680101104e-06
0.006000355457781347,-4.473844537639874e-06
0.006000566373344041,-4.108222771379913e-06
0.006000607920336106,-3.674924160260003e-06
0.006000691014320235,-2.789876545834054e-06
0.00600070866833934,-2.514517463802491e-06
0.00600074397637755,-1.643569843653499e-06
0.006000784976278027,-6.815490684665082e-07
0.006000795019168312,-7.644548889389555e-07
0.006000815104948882,-9.082813622913902e-07
0.006000836178661707,-3.813078105390953e-07
0.006000858704890425,3.931373292120986e-07
0.00600088317404291,1.326948444957801e-06
0.006000929045143443,3.283507345051793e-06
0.00600102078734451,7.859570350667888e-06
0.006001133776002445,1.42331147201499e-05
0.006001298942479219,2.404077836144147e-05
0.006001526931675087,3.688755617433692e-05
0.006001838125342131,5.207067627452084e-05
0.006002221484558882,6.266874920079098e-05
0.006002563142807586,6.542617101738456e-05
0.006002695032401334,6.583308441485249e-05
0.006002760977198208,6.604796871300171e-05
0.006002793949596645,6.610246596893531e-05
0.00600285989439352,6.630181643441968e-05
0.006002949572661929,6.656155800356369e-05
0.006003087884318077,6.726807666378861e-05
0.006003149723728684,6.779358129091561e-05
0.006003273402549898,6.932354427113233e-05
0.006003332090141422,7.033854188801205e-05
0.006003356437180988,7.09319015537773e-05
0.00600340513126012,7.251373879302878e-05
0.006003450720335394,7.395266472353593e-05
0.006003461144003235,7.439010039928081e-05
0.006003481991338915,7.470532189253781e-05
0.006003508817771824,7.494515136762722e-05
0.006003537547506012,7.437960334001139e-05
0.006003569086016039,7.334925513591177e-05
0.006003602951956438,7.225159551081533e-05
0.006003638451114654,7.1981444688238e-05
0.006003674524013731,7.183263418035599e-05
0.006003713939962499,7.175449233794631e-05
0.006003780132149261,7.159999865148357e-05
0.006003876589238967,7.158140880056621e-05
0.006003938294619484,7.158879864937754e-05
0.006004,7.169928779181178e-05
0.006004056356115234,7.154552807682777e-05
0.00600411976030155,7.150236830749073e-05
0.006004183363586239,7.149522336318769e-05
0.006004310570155616,7.144294735020486e-05
0.00600456498329437,7.13627378856114e-05
0.006005073809571878,7.118257440814073e-05
0.006006091462126894,7.084157590949706e-05
0.006008126767236926,7.014583790987565e-05
0.00601219737745699,6.878808192391673e-05
0.006020338597897117,6.612188477086379e-05
0.006036621038777373,6.105193760903407e-05
0.006069185920537883,5.177646074767145e-05
0.00610602607084728,4.248672221097827e-05
0.006133834969948213,3.609748733218629e-05
0.006138707186895838,3.497554572177925e-05
0.006148451620791086,3.265860115133764e-05
0.006157648483059126,3.045769143688355e-05
0.006159603242340828,3.000206795565742e-05
0.006163512760904232,2.9124753103579e-05
0.006170827679932845,2.7621809655273e-05
0.006173785734994206,2.704810017043071e-05
0.00617970184511693,2.594310609004204e-05
0.006188141847582289,2.444379976693302e-05
0.006202660854176348,2.20542832309826e-05
0.006221298503883093,1.929406295088699e-05
0.006246978001579988,1.600423682989854e-05
0.006289795828508964,1.163439445159784e-05
0.006342060022824523,7.831359857969852e-06
0.006404,4.876478376678383e-06
0.0064040625,3.688538456105747e-06
0.0064041875,1.553742504354885e-06
0.0064044375,-2.237428034386682e-06
0.00640467351789565,-4.777769506866388e-06
0.00640504039199542,-7.90901663846389e-06
0.006405396051053566,-1.183608623864752e-05
0.006405813970263797,-1.758944320589489e-05
0.006406584352591357,-2.846983986339735e-05
0.006406726360631186,-3.217126777006669e-05
0.006406797364651101,-3.465261181352499e-05
0.00640693937269093,-4.054362246631093e-05
0.006406983444111641,-4.291211021723136e-05
0.006406997161446782,-4.38059706568212e-05
0.006407024596117062,-4.498999987799424e-05
0.006407050288972054,-4.536552274972323e-05
0.006407069279478712,-4.421708318200205e-05
0.006407089674732636,-4.352573394279863e-05
0.006407116341293342,-4.276396093754195e-05
0.006407144508548965,-4.295932754107286e-05
0.00640717115351524,-4.279008897233125e-05
0.006407210535387133,-4.304813717567715e-05
0.006407272462599914,-4.316119368625045e-05
0.006407355097557623,-4.392974828270372e-05
0.006407455913159463,-4.504733455112053e-05
0.006407596638609563,-4.867499971514e-05
0.00640777061157315,-5.819729198185703e-05
0.006408,-8.324472590247427e-05
0.006408069105798362,-8.312736333477627e-05
0.006408188307140373,-8.302562868647948e-05
0.006408302711844545,-8.291012760433437e-05
0.006408531521252887,-8.272541469180294e-05
0.006408989140069571,-8.230716377507037e-05
0.006409904377702939,-8.151477224760457e-05
0.006411734852969676,-7.987429468022533e-05
0.00641539580350315,-7.665747123666812e-05
0.006422717704570098,-7.037228741245051e-05
0.006437361506703994,-5.936854119091987e-05
0.006466649110971785,-4.348113960075988e-05
0.006508184987836346,-3.05190464594839e-05
0.006570188266499964,-2.043863639311464e-05
0.006643508174436192,-1.453656298732757e-05
0.006744606039440777,-1.016163244508816e-05
0.006873451172322563,-7.387828892165201e-06
0.007,-5.687487280821717e-06
0.00700025,-4.776485196931738e-06
0.007000355457781347,-4.474179376787023e-06
0.007000566373344041,-4.108588167653853e-06
0.007000607922158807,-3.675321767540449e-06
0.007000691019788337,-2.790335920334457e-06
0.007000708674380079,-2.514964975039156e-06
0.007000743983563562,-1.644050503473845e-06
0.007000784978741145,-6.81830356060458e-07
0.007000795024778943,-7.646000011117862e-07
0.00700081511685454,-9.085657147873009e-07
0.0070008361892547,-3.81631406442046e-07
0.007000858719612553,3.929912963665028e-07
0.007000883186854772,1.326758414210845e-06
0.007000929064067044,3.283682104933609e-06
0.007001020818491588,7.860575225721687e-06
0.007001133849399326,1.423684515100112e-05
0.007001298994059987,2.404329096353489e-05
0.007001527022253977,3.689192782781268e-05
0.007001838203728479,5.207350551156615e-05
0.007002221605388592,6.266928643121141e-05
0.007002563238019933,6.542521685586128e-05
0.007002695050242405,6.583180171150889e-05
0.007002760956353642,6.604653923268778e-05
0.007002793909409261,6.610102467467086e-05
0.007002859815520498,6.630022177017552e-05
0.007002949467335693,6.65598445098403e-05
0.007003087761000836,6.72658830075552e-05
0.007003149616253886,6.779116841189995e-05
0.007003273326759985,6.932107270472794e-05
0.007003332027840919,7.033576787760759e-05
0.007003356392152021,7.092903734443664e-05
0.007003405120774224,7.251165866687696e-05
0.007003450703910812,7.395046152923029e-05
0.007003461138977191,7.43882582136714e-05
0.007003482009109948,7.470427186286403e-05
0.007003508883108562,7.494373552968778e-05
0.007003537572931681,7.437828453938484e-05
0.007003569121271675,7.334744411177948e-05
0.007003602980538391,7.22502570648417e-05
0.007003638473655874,7.198042214450684e-05
0.007003674541210655,7.183142555077643e-05
0.007003713964928822,7.175344579829185e-05
0.00700378014223034,7.159880980902712e-05
0.007003876641408968,7.15803553346814e-05
0.007003938320704484,7.158765789230322e-05
0.007004,7.169818709152824e-05
0.007004056344202135,7.154439698327964e-05
0.007004119734051335,7.150115453793063e-05
0.00700418332439733,7.149400728086188e-05
0.00700431050508932,7.144174974094826e-05
0.0070045648664733,7.136154965166276e-05
0.00700507358924126,7.118143312772656e-05
0.007006091034777179,7.084049949788056e-05
0.007008125925849019,7.014492094118434e-05
0.007012195707992697,6.878744509259133e-05
0.007020335272280054,6.612181073524681e-05
0.007036614400854769,6.105285942010534e-05
0.007069172658004197,5.17790647138699e-05
0.007106013343348724,4.248885824646666e-05
0.007133824667158221,3.609919156931384e-05
0.007138697257051642,3.497704606994762e-05
0.007148442436838483,3.266014702990332e-05
0.007157644691497441,3.045778300557437e-05
0.007159598209870211,3.000259249344224e-05
0.007163505246615751,2.912563866471077e-05
0.007170803882468997,2.762597409156109e-05
0.007173769538764096,2.705052324826314e-05
0.007179700851354293,2.594281594200573e-05
0.007188150221611849,2.444171958126698e-05
0.007202569328099089,2.206828934639963e-05
0.007221258097850117,1.929918352404579e-05
0.007246853691334834,1.601859673382957e-05
0.00728968278680388,1.164389431384718e-05
0.0073419185818109,7.839667791567343e-06
0.007404,4.876074778914561e-06
0.0074040625,3.6881817047912e-06
0.0074041875,1.553395237713372e-06
0.0074044375,-2.237782226748311e-06
0.0074046735230736,-4.778142117408789e-06
0.007405040389760757,-7.90932146146824e-06
0.007405396051688789,-1.18364102925724e-05
0.007405813969434186,-1.75897846324357e-05
0.007406584350669542,-2.847018004942828e-05
0.007406726358898228,-3.217156992199882e-05
0.007406797363012571,-3.465287500846639e-05
0.007406939371241258,-4.054384390179038e-05
0.007406983442678361,-4.291232960281237e-05
0.007406997160028045,-4.380618512328029e-05
0.007407024594727413,-4.499022268194602e-05
0.007407050287601739,-4.536574144873393e-05
0.007407069278132733,-4.421731179250933e-05
0.007407089673392284,-4.352595772492808e-05
0.007407116339923844,-4.276419349086543e-05
0.00740714450729231,-4.295955366672643e-05
0.00740717115223959,-4.279032298826375e-05
0.007407210534268305,-4.304836718350577e-05
0.007407272461808458,-4.316143535887443e-05
0.007407355097230716,-4.392999590905579e-05
0.007407455912428929,-4.504759859158959e-05
0.007407596638910015,-4.867533023296798e-05
0.00740777061139443,-5.819771292150564e-05
0.007408,-8.324520523555191e-05
0.007408069105758362,-8.312784355755786e-05
0.007408188307090207,-8.302610843619033e-05
0.007408302711823837,-8.291060799490508e-05
0.007408531521291097,-8.2725895533351e-05
0.007408989140225618,-8.230764589156873e-05
0.007409904378094659,-8.15152557155261e-05
0.007411734853832741,-7.987477917579061e-05
0.007415395805308905,-7.665795021224655e-05
0.007422717708261234,-7.037273656252438e-05
0.007437361514165891,-5.936890511172781e-05
0.007466649125975206,-4.348135988603415e-05
0.007508184579996376,-3.051926579414175e-05
0.007570187433964586,-2.043879024380533e-05
0.007643507209087026,-1.453665289241743e-05
0.007744604642598785,-1.016169030544998e-05
0.007873449260833137,-7.387869479075965e-06
0.008,-5.687491551505936e-06
0.00800025,-4.776489263320959e-06
0.008000355457781348,-4.474183483918008e-06
0.008000566373344044,-4.108592634949338e-06
0.008000607922181959,-3.675326671174672e-06
0.00800069101985779,-2.790341465099303e-06
0.008000708674456628,-2.514970462043524e-06
0.008000743983654305,-1.644056244141816e-06
0.008000784978774874,-6.818338362591978e-07
0.008000795024850299,-7.646017317731027e-07
0.008000815117001148,-9.085692288540412e-07
0.00800083618938547,-3.816352686020345e-07
0.008000858719792529,3.929894522640273e-07
0.008000883187011766,1.326756156469338e-06
0.008000929064297077,3.283684121359919e-06
0.008001020818867699,7.860587313832687e-06
0.008001133850282983,1.423688989964441e-05
0.00800129899468097,2.404332116616788e-05
0.008001527023340607,3.689198010519473e-05
0.008001838204671019,5.207353947606505e-05
0.008002221606837166,6.266929254089894e-05
0.008002563239160565,6.542520513621294e-05
0.008002695050441525,6.583178591807651e-05
0.008002760956082005,6.604652175181819e-05
0.008002793908902244,6.610100696221826e-05
0.008002859814542724,6.63002022705658e-05
0.008002949466029525,6.655982344721474e-05
0.008003087759463332,6.726585602265273e-05
0.008003149614921658,6.779113867707376e-05
0.008003273325838311,6.93210425988108e-05
0.008003332027085423,7.03357340345131e-05
0.008003356391608218,7.092900257435643e-05
0.008003405120653808,7.251163342431206e-05
0.008003450703719489,7.395043493986228e-05
0.008003461138923437,7.438823585575902e-05
0.008003482009331332,7.470425909836968e-05
0.008003508883897153,7.494371821769105e-05
0.008003537573252653,7.437826817867821e-05
0.00800356912170818,7.334742173933158e-05
0.008003602980899378,7.225024051705952e-05
0.008003638473943605,7.198040953932486e-05
0.008003674541431846,7.183141077771597e-05
0.008003713965247815,7.17534329228227e-05
0.008003780142378234,7.159879527707067e-05
0.008003876642090119,7.15803424166845e-05
0.008003938321045061,7.158764399752853e-05
0.008004000000000001,7.169817359170318e-05
0.008004056344046577,7.154438315342307e-05
0.008004119733708572,7.15011406957124e-05
0.008004183323885618,7.149399353228718e-05
0.00800431050423971,7.14417360992406e-05
0.008004564864947893,7.136153626034998e-05
0.008005073586364261,7.118142021580914e-05
0.008006091029196995,7.084048755406981e-05
0.008008125914862465,7.014491093162948e-05
0.008012195686193404,6.878743883693797e-05
0.008020335228855282,6.612181163381914e-05
0.008036614314179038,6.105287333584556e-05
0.00806917248482655,5.177910032102222e-05
0.008106013196363549,4.248888352103759e-05
0.00813382454445862,3.609921028399462e-05
0.008138697140437435,3.497706377230088e-05
0.008148442332395063,3.266016239194314e-05
0.00815764465139325,3.045778290881312e-05
0.008159598168507866,3.000259269905052e-05
0.008163505202737098,2.912563939981229e-05
0.008170803862446214,2.762597001150506e-05
0.008173769476137809,2.705052751812605e-05
0.008179700703520998,2.594283550551251e-05
0.008188150011322714,2.444174897172482e-05
0.008202569394981067,2.206827236223845e-05
0.008221257913991767,1.929920351872043e-05
0.008246853685740487,1.601859252935668e-05
0.008289682574615683,1.164390952910833e-05
0.008341918280454287,7.839683592681204e-06
0.008404,4.876072959254881e-06
0.0084040625,3.688179860520419e-06
0.0084041875,1.553393361280065e-06
0.0084044375,-2.237784053510611e-06
0.008404673523071792,-4.778143844222025e-06
0.008405040389768536,-7.909323211580616e-06
0.008405396051695048,-1.183641205190494e-05
0.008405813969452188,-1.758978670171563e-05
0.008406584350710034,-2.847018289360946e-05
0.008406726358937364,-3.217157303144759e-05
0.008406797363051029,-3.465287822561258e-05
0.008406939371278359,-4.054384689269953e-05
0.00840698344271837,-4.291233355891988e-05
0.008406997160063762,-4.380618866796434e-05
0.008407024594754545,-4.499022498844561e-05
0.008407050287601034,-4.53657422366505e-05
0.008407069278132487,-4.421731243103503e-05
0.008407089673386686,-4.352595881454331e-05
0.008407116339931704,-4.276419456042702e-05
0.008407144507295163,-4.295955485384569e-05
0.008407171152248177,-4.279032425777361e-05
0.008407210534275313,-4.304836837777847e-05
0.008407272461816691,-4.31614367444778e-05
0.008407355097251535,-4.392999734745544e-05
0.008407455912490827,-4.504760111643467e-05
0.008407596638932069,-4.867533261865542e-05
0.008407770611487076,-5.819772262549981e-05
0.008408000000000001,-8.324520762865833e-05
0.008408069105758087,-8.312784608272084e-05
0.008408188307075685,-8.302611096360137e-05
0.00840830271178766,-8.291061053473403e-05
0.008408531521211609,-8.272589812505869e-05
0.008408989140059508,-8.230764855398645e-05
0.008409904377755305,-8.15152585522803e-05
0.008411734853146901,-7.987478231619344e-05
0.008415395803930092,-7.665795394265753e-05
0.008422717705496473,-7.037274120572803e-05
0.008437361508629237,-5.936891078963131e-05
0.008466649114894764,-4.348136577307401e-05
0.008508184562291117,-3.051927052965906e-05
0.008570187407512808,-2.04387935305803e-05
0.008643507179223138,-1.453665483393571e-05
0.008744604602664635,-1.016169159390431e-05
0.008873449209075963,-7.387870372735722e-06
0.009000000000000001,-5.687491563550771e-06
0.009000250000000001,-4.776489279160688e-06
0.009000355457781349,-4.474183499996484e-06
0.009000566373344045,-4.108592652041025e-06
0.009000607922182043,-3.675326690838538e-06
0.00900069101985804,-2.790341486219221e-06
0.009000708674456905,-2.514970484475715e-06
0.009000743983654634,-1.644056266169795e-06
0.009000784978774974,-6.818338507674875e-07
0.009000795024850551,-7.646017375281339e-07
0.009000815117001706,-9.085692435630918e-07
0.009000836189385963,-3.816352831368253e-07
0.009000858719793222,3.929894438897357e-07
0.009000883187012367,1.326756148474371e-06
0.009000929064297959,3.283684127739533e-06
0.009001020818869143,7.860587361075756e-06
0.009001133850286386,1.42368900707743e-05
0.009001298994683344,2.40433212822955e-05
0.009001527023344795,3.689198030561049e-05
0.009001838204674605,5.20735396057946e-05
0.009002221606842737,6.266929256309812e-05
0.009002563239164939,6.54252050914468e-05
0.009002695050442312,6.583178585603796e-05
0.009002760956080998,6.604652168508506e-05
0.009002793908900341,6.610100689288741e-05
0.009002859814539027,6.630020219610608e-05
0.00900294946602459,6.65598233651748e-05
0.009003087759457538,6.726585592004202e-05
0.009003149614916729,6.779113856338943e-05
0.00900327332583511,6.93210424883565e-05
0.009003332027082834,7.033573390953858e-05
0.009003356391606395,7.092900244830936e-05
0.009003405120653519,7.251163333180503e-05
0.009003450703718961,7.395043484413971e-05
0.009003461138923382,7.438823577323457e-05
0.009003482009332224,7.470425904945282e-05
0.009003508883899914,7.494371815161184e-05
0.009003537573253909,7.437826811543292e-05
0.009003569121709801,7.334742165473015e-05
0.009003602980900775,7.225024045391052e-05
0.009003638473944758,7.198040948891322e-05
0.009003674541432765,7.183141072162161e-05
0.009003713965249087,7.175343287146684e-05
0.009003780142378955,7.159879522192091e-05
0.009003876642092807,7.158034236536306e-05
0.009003938321046404,7.158764394484609e-05
0.009004000000000002,7.169817353827369e-05
0.009004056344045965,7.154438309976673e-05
0.009004119733707221,7.150114064208713e-05
0.009004183323883603,7.149399347898396e-05
0.009004310504236366,7.14417360464175e-05
0.009004564864941892,7.136153620845928e-05
0.009005073586352944,7.118142016586692e-05
0.009006091029175049,7.084048750786483e-05
0.009008125914819257,7.014491089305932e-05
0.009012195686107675,6.878743881313138e-05
0.00902033522868451,6.612181163810006e-05
0.00903661431383818,6.105287339126949e-05
0.009069172484145519,5.177910046167361e-05
0.009106013195788501,4.248888362026908e-05
0.009133824543979385,3.609921035737337e-05
0.009138697139982157,3.497706384167708e-05
0.009148442331987703,3.266016245210768e-05
0.009157644651238112,3.045778290834891e-05
0.00915959816834791,3.000259269979279e-05
0.009163505202567507,2.912563940253163e-05
0.009170803862367197,2.762596999600235e-05
0.009173769475896452,2.705052753439799e-05
0.009179700702954964,2.594283558008381e-05
0.009188150010518982,2.44417490836797e-05
0.009202569395233888,2.206827229741249e-05
0.009221257913292218,1.929920359442341e-05
0.009246853685719557,1.601859251295687e-05
0.009289682573814111,1.164390958624858e-05
0.009341918279318302,7.839683651967755e-06
0.009404000000000001,4.876072952252545e-06
0.009404062500000001,3.688179853394058e-06
0.009404187500000001,1.553393354055444e-06
0.009404437500000001,-2.237784060577609e-06
0.009404673523071783,-4.778143850830717e-06
0.00940504038976858,-7.90932321849942e-06
0.009405396051695079,-1.183641205872074e-05
0.00940581396945228,-1.75897867100505e-05
0.009406584350710233,-2.847018290541691e-05
0.009406726358937557,-3.217157304484017e-05
0.009406797363051219,-3.465287823954946e-05
0.009406939371278542,-4.054384690590114e-05
0.009406983442718567,-4.291233357651796e-05
0.00940699716006394,-4.380618868413893e-05
0.009407024594754685,-4.499022499857194e-05
0.00940705028760104,-4.536574223928239e-05
0.009407069278132497,-4.421731243270595e-05
0.00940708967338667,-4.352595881866692e-05
0.009407116339931753,-4.276419456423946e-05
0.009407144507295188,-4.295955485851504e-05
0.009407171152248232,-4.279032426270024e-05
0.009407210534275363,-4.30483683824264e-05
0.009407272461816749,-4.316143675001179e-05
0.009407355097251663,-4.39299973534155e-05
0.009407455912491151,-4.504760112757494e-05
0.009407596638932224,-4.867533263026918e-05
0.00940777061148757,-5.819772267383675e-05
0.009408000000000001,-8.324520763778193e-05
0.009408069105758086,-8.312784609247377e-05
0.009408188307075606,-8.302611097336869e-05
0.009408302711787464,-8.291061054456796e-05
0.009408531521211181,-8.272589813517305e-05
0.009408989140058615,-8.230764856446202e-05
0.009409904377753483,-8.151525856367968e-05
0.009411734853143219,-7.987478232921931e-05
0.009415395803922691,-7.66579539588774e-05
0.009422717705481634,-7.037274122707845e-05
0.00943736150859952,-5.936891081718996e-05
0.009466649114835293,-4.348136580288731e-05
0.009508184562201588,-3.051927055278826e-05
0.009570187407380103,-2.043879354673534e-05
0.009643507179074666,-1.453665484333887e-05
0.00974460460246696,-1.016169160026745e-05
0.009873449208818172,-7.387870377039988e-06
0.01,-5.687491563670803e-06
