/Vout X,/Vout Y
0,0.9315846038410444
1e-05,0.9315731681232657
3e-05,0.9315679006079822
7.000000000000002e-05,0.9315578679193424
0.0001361356098601914,0.9315432673863385
0.0002684068295805741,0.9315202564364252
0.0004684068295805741,0.9314973370806129
0.0006684068295805741,0.9314835638127624
0.0008342034147902871,0.9314766162339768
0.001,0.9314719636467882
0.0010000625,0.9319440421580956
0.0010001875,0.9328742341833038
0.00100025,0.9331302592966229
0.001000275289815858,0.9331481604925788
0.001000325869447573,0.9334522742221724
0.001000403110039169,0.9340793021402753
0.001000472899431834,0.9349130316371556
0.001000575832948949,0.9364435407498121
0.001000781699983179,0.9412310862424323
0.001001032486203605,0.9497414873775144
0.001001389669732542,0.9668460257935605
0.001001456072344104,0.9704223189363502
0.001001588877567226,0.9773307298829228
0.001001651054641815,0.9804339399292064
0.001001775408790992,0.9865918663007905
0.001002024117089346,0.9981893439401415
0.001002318643322127,1.010390073413972
0.001002741491396012,1.019141995024219
0.001002834120034502,1.020075076984684
0.001003019377311483,1.021644788475919
0.001003070513307124,1.022590567503936
0.001003084427361056,1.022890189589107
0.00100311225546892,1.02364672200897
0.001003159814703496,1.025133361346495
0.001003188474113182,1.0261730388993
0.001003197309246054,1.026533975485658
0.001003214979511796,1.027001973560107
0.001003236618490691,1.027466250189531
0.001003268626418551,1.027438871707698
0.001003302943581966,1.026552845009979
0.001003334552348969,1.025462190233902
0.001003374955233116,1.025062530136083
0.001003414633214821,1.025048046963739
0.001003452569351051,1.025137437106208
0.001003508354416991,1.025169555358051
0.001003608494422431,1.025391284203067
0.001003729749614165,1.025680056066319
0.001003864874807082,1.02636316233817
0.001004,1.027290919591643
0.001004077404457198,1.027463863624392
0.001004173499551981,1.027718923496416
0.001004265854897952,1.027981140118354
0.001004450565589895,1.028483511635502
0.001004819986973779,1.029506852227675
0.001005558829741548,1.03152788819838
0.001007036515277086,1.035565438241867
0.001009991886348161,1.043531148928995
0.001015902628490312,1.059128856103971
0.001027724112774615,1.088974076771354
0.001051367081343219,1.1437760573134
0.001089186444485272,1.219181062992662
0.00113714714893851,1.29570238980267
0.001159830966670407,1.325154252770228
0.001176579953178471,1.344338705311259
0.001180961424302384,1.348965023412007
0.001189724366550211,1.357712353593738
0.001192668984805087,1.360477390015341
0.001197909512909005,1.36524206848751
0.001204412744386104,1.370829274597381
0.001210056393800094,1.37551008695716
0.001216281380323342,1.380488689990389
0.001218882925799774,1.382524813041914
0.001224086016752637,1.386463285222457
0.001233927695403115,1.393559952039275
0.001246390252332035,1.40183454400976
0.001266049562533816,1.413487293834515
0.001293638672994089,1.427229857776489
0.001333304414207778,1.442692808208831
0.001368652207103889,1.453032758128178
0.001404,1.460966973945589
0.0014040625,1.45980920462398
0.0014041875,1.457724536168554
0.001404437500000001,1.453900762737447
0.001404673040153411,1.451238346849954
0.001405037950264001,1.448019063173689
0.001405390551667021,1.444022582895535
0.001405804522279232,1.438323578952148
0.001406546061922573,1.427715109869784
0.001406688592267871,1.424145655318753
0.00140675985744052,1.421701766711445
0.001406902387785819,1.415405697382844
0.001406936192504304,1.413914641267281
0.001406974216773695,1.411992009976135
0.001407018250989098,1.409519500684064
0.001407027231012702,1.408961184813853
0.001407045191059908,1.408550243855042
0.001407062749431969,1.408781302234249
0.001407082026480207,1.409899306243721
0.001407100287103522,1.41044086711397
0.001407135788157561,1.411085312574758
0.001407161511284422,1.410781707978025
0.001407191819646865,1.410920076697572
0.001407235380910355,1.41053875695945
0.001407310131029618,1.410238237747429
0.001407401004869428,1.409138200252347
0.001407519391793808,1.407258186199322
0.001407663024063241,1.40222121702424
0.00140783151203162,1.390417084867608
0.001408,1.370479068917491
0.001408068754133344,1.370387329949284
0.001408173705541203,1.370178350545331
0.001408272864766724,1.370000019554511
0.001408471183217767,1.369589981694048
0.001408867820119853,1.368830194622614
0.001409661093924023,1.367269495215567
0.001411247641532365,1.364262858219318
0.001414420736749049,1.358393144776091
0.001420766927182417,1.347436512027635
0.001433459308049153,1.32764782652111
0.001458844069782624,1.294172727989078
0.001498664683054374,1.252507484917688
0.00155894118176464,1.205638398734025
0.001630594628521656,1.16517411658815
0.001727595510943743,1.125127810631785
0.001852069987744155,1.087370474874864
0.002,1.0541533982637
0.00200025,1.055017366694598
0.002000355457781347,1.055302640282684
0.002000566373344041,1.055638524565699
0.002000607755272118,1.056069825159016
0.002000690519128272,1.056948552315783
0.002000708125364593,1.057223350353965
0.002000743337837236,1.058091801163759
0.002000784744825727,1.059037502811311
0.002000794538921298,1.058941373000735
0.002000814127112441,1.058811428872417
0.002000835332762126,1.059340295516496
0.002000857546259022,1.060103095692553
0.002000882192802607,1.061041173442525
0.00200092765215215,1.062977073836089
0.002001018570851235,1.067512907348834
0.002001128191835709,1.073713696040798
0.002001295444973039,1.083750765338431
0.002001520748865555,1.096711659250778
0.002001832886882307,1.112497792174429
0.002002213103381149,1.124031858368274
0.002002556175047909,1.127693922220489
0.002002685918797163,1.128383974709781
0.00200275079067179,1.128777425569697
0.002002783226609103,1.128883389285727
0.002002848098483731,1.129254662377952
0.00200293310439255,1.12966765460563
0.00200305525409671,1.130542713550055
0.00200329955350503,1.133716486385904
0.002003345059623554,1.134827178109523
0.002003397670007412,1.136600202027559
0.0020034529688694,1.138504421955195
0.002003465127285176,1.139007760525314
0.002003489444116728,1.13933761422728
0.002003515674854248,1.139493791200919
0.002003549206795594,1.138649503138388
0.002003579605682912,1.137691926685462
0.002003618521477614,1.136878603239502
0.002003669963989447,1.136890776279581
0.002003706571781393,1.136835832641657
0.002003757135656109,1.136895997057042
0.002003842526969461,1.13699934493832
0.00200392126348473,1.137257597629576
0.002004,1.137523971141603
0.002004063660145367,1.137560297193875
0.002004135975388688,1.137700095791894
0.002004207583781269,1.137874007614632
0.002004350800566432,1.138180695816101
0.002004637234136758,1.138823107146397
0.00200521010127741,1.140078959558894
0.002006355835558713,1.142601239156835
0.00200864730412132,1.14758328982279
0.002013230241246534,1.157402320946681
0.002022396115496961,1.17636149816017
0.002040727863997816,1.21178489416729
0.002075145642087248,1.269858351902658
0.002110633942130412,1.319194419319726
0.002129045046367629,1.3408548492547
0.002133834346716059,1.34604625755823
0.00214341294741292,1.355810584790434
0.002148202247761351,1.360369057459481
0.002154325380083921,1.365908145093245
0.002161165757011439,1.37175276824427
0.002166609692048414,1.376237343489803
0.002172992430438126,1.381321661443278
0.002175116292492544,1.38296586712332
0.00217936401660138,1.386187585466385
0.002187859464819052,1.392348488495225
0.00219724932663821,1.398738948523288
0.002216029050276527,1.410290939317757
0.002237348030082635,1.421616141046409
0.00227998598969485,1.439607916904471
0.00232541396450282,1.45337906734667
0.00236470698225141,1.461983462622005
0.002404,1.468377148449207
0.0024040625,1.467197021780841
0.002404187500000001,1.465077535018045
0.002404437500000001,1.461281009349818
0.002404674613155864,1.458701658111923
0.002405039636818487,1.455501407612905
0.002405392984304207,1.451484092343077
0.002405809574826652,1.445538110041895
0.002406573170307954,1.43420040340653
0.002406715030108369,1.430485542306422
0.002406785960008577,1.427982684089355
0.002406927819808992,1.42194317656053
0.002406955399038647,1.420607183775136
0.002406990582811797,1.418519173608052
0.002407026170234753,1.416788561363247
0.002407034607452326,1.416396455266674
0.002407051481887471,1.416684408761197
0.002407070447493996,1.4174823581197
0.002407087457966701,1.418292272702399
0.002407118963840253,1.41883516032932
0.002407145136058482,1.418822060154029
0.002407173581319754,1.418736866437351
0.00240721103171978,1.418608800203363
0.002407285587566953,1.418127273685043
0.002407373527967408,1.417294739381552
0.002407483960225859,1.41551130985539
0.00240762096473935,1.411413982701348
0.002407822374822807,1.39773028719972
0.002408,1.376934290994189
0.002408069555602206,1.376727795813669
0.002408179574423914,1.376499261040125
0.002408281547887355,1.376312876728644
0.002408485494814238,1.37586237569634
0.002408893388668005,1.375046563192625
0.002409709176375537,1.373350811061948
0.002411340751790602,1.370111930395281
0.002414603902620731,1.363794863687214
0.00242113020428099,1.352105091638453
0.002434182807601508,1.331170600704861
0.002460288014242544,1.296153257766705
0.002499482177280695,1.254576743303798
0.002557530426897265,1.208682673674046
0.002629836198421753,1.167050804437408
0.002723396443113466,1.127760533889278
0.002847194578850246,1.089466023038485
0.003,1.054732708417798
0.00300025,1.055601685120616
0.003000355457781347,1.055886587152193
0.003000566373344041,1.056219798457756
0.00300060790680186,1.056648809707667
0.003000690973717498,1.057524437690794
0.003000708617105431,1.057799845540576
0.003000743903881299,1.05866664767775
0.003000784988128319,1.059625796987498
0.003000810535298307,1.059405007096504
0.003000836350179664,1.059896925560891
0.003000845038824036,1.060223626287374
0.003000862416112781,1.060831213145655
0.00300089219049326,1.062000903180843
0.003000943856246991,1.064283892579433
0.003001038414137089,1.069150955640885
0.003001165252265669,1.076484261136552
0.003001339231170768,1.086925507777738
0.003001579796672852,1.100477870986914
0.003001922682319522,1.116843466055093
0.003002297174879377,1.125780157040624
0.003002633566685636,1.128662721519195
0.003002743631150045,1.129199046017727
0.003002963760078862,1.130395632463459
0.003003022547736288,1.130765948790018
0.003003140123051139,1.13187732463453
0.00300333222049937,1.134904292141078
0.003003366917250712,1.135997325384411
0.003003384265626384,1.136586395303532
0.003003418962377726,1.137845785149664
0.003003441426077418,1.138608944918594
0.003003449607562362,1.138939777785983
0.003003465970532249,1.139455685066857
0.003003488749760814,1.139880598144173
0.003003506894213289,1.14000688295543
0.003003537538726844,1.1395859281154
0.003003567900778084,1.138605123654505
0.003003602721434039,1.137640415280229
0.003003638435598373,1.137390340244614
0.003003674972800557,1.137406785417886
0.00300371407869325,1.13736161969063
0.003003782416397875,1.137445485662482
0.003003876924361892,1.137609729243513
0.003004,1.138072066238338
0.003004070040608366,1.138092706665832
0.003004157416851208,1.138263765015497
0.003004244064868987,1.13847525513422
0.003004417360904545,1.138842341372269
0.003004763952975661,1.139622492112163
0.003005444165648567,1.141105693651627
0.003006804590994378,1.144097584224016
0.003009525441686001,1.149982060285776
0.003014967143069246,1.161557671053825
0.003025850545835736,1.183749726086939
0.003047617351368716,1.224683816735806
0.003081849646624965,1.280290666934444
0.003115443264484868,1.32538600746209
0.003132583109297241,1.34494402344855
0.003137024391918384,1.349632301865038
0.003145906957160668,1.358417097786056
0.003148588734374048,1.360943867024981
0.003153814105381273,1.365649444356408
0.003159907334700884,1.370895435929333
0.003165725859726046,1.375694497037726
0.003172021491286273,1.380743666995148
0.003174458700381789,1.382626294905833
0.003179333118572821,1.386338391303267
0.003189018759931145,1.393312486058069
0.003201423772386497,1.401594273502137
0.00322079052909218,1.413095648432876
0.003248352908925037,1.426918989611547
0.003286559593131426,1.441943197145372
0.003343866610714731,1.457858454367738
0.003404,1.468525914637288
0.0034040625,1.467353300027562
0.003404187500000001,1.465233001107994
0.003404437500000001,1.461436792044969
0.003404673826783627,1.458865932932102
0.003405039164241977,1.4556643700061
0.003405395340646136,1.451610990847674
0.003405812391337973,1.445650017372503
0.003406581606296027,1.434174110970121
0.003406723655983955,1.430348189280482
0.003406794680827919,1.427800613892469
0.003406936730515846,1.421722697144721
0.003406980648828267,1.419346814880462
0.003406994634278137,1.418408457684551
0.003407022605177877,1.417105716698515
0.003407041566581822,1.416518684721762
0.003407059817502381,1.417235945017952
0.003407079818951549,1.41808309233392
0.003407100604504317,1.41888047116966
0.003407125288440075,1.418899784408636
0.003407149862463741,1.419063963314888
0.003407182285941,1.418791761497433
0.003407224937465676,1.418782225889611
0.003407296517338316,1.418126835594178
0.003407379636236691,1.417453344370231
0.003407500502149226,1.415246350627799
0.003407642743976769,1.410662584409508
0.003407845514281952,1.39547785145006
0.003408,1.377086752483124
0.003408070458487056,1.376855551588105
0.003408175393772209,1.37663982540823
0.003408271626321454,1.376470581264472
0.003408464091419945,1.376037799701789
0.003408849021616926,1.375274170372686
0.003409618882010888,1.373662800748553
0.003411158602798812,1.370603584816528
0.003414238044374661,1.364603290867732
0.003420396927526357,1.353488015955078
0.003432714693829751,1.333479681073499
0.003457350226436538,1.299817283668223
0.003494685406513996,1.259183439119391
0.003551037132320452,1.213181607926963
0.003622150722933931,1.1709215811291
0.00371316031364699,1.131545887146324
0.00383389646221648,1.093052369964814
0.00391694823110824,1.072601235029944
0.004,1.055008423577788
0.00400025,1.055967588816579
0.004000355457781347,1.056254050782481
0.004000566373344041,1.056585055309278
0.004000607976984076,1.057012982652803
0.004000691184264145,1.057869103986141
0.004000708973051228,1.058171948836049
0.004000744550625392,1.059038769771925
0.004000785037756483,1.059996430546953
0.004000795023887415,1.059917093182986
0.004000814996149279,1.059764626272487
0.0040008359047929,1.060270207296118
0.004000858575179947,1.061051429328338
0.004000882815414082,1.061972749878484
0.004000927874561173,1.063897563634579
0.004001017992855354,1.068392612013784
0.004001130863760862,1.074794552698979
0.004001294128445711,1.084597556360958
0.004001520044889994,1.09760721624645
0.004001828713036356,1.113235320354881
0.004002211601574128,1.124866568325936
0.004002553858317788,1.128505316497844
0.004002683940593475,1.129204867583785
0.004002748981731318,1.129590131911941
0.00400278150230024,1.129705726122861
0.004002846543438084,1.130067671693235
0.004002935320679452,1.130510891705407
0.004003072655083225,1.131508797366413
0.004003137487055664,1.132157936089532
0.004003267151000542,1.134045723363471
0.004003326931931343,1.13517829125425
0.004003352755741585,1.135853424593227
0.004003404403362067,1.137620933770438
0.004003449843803187,1.139192982164292
0.004003460925372112,1.139662220485774
0.004003483088509961,1.140092945674727
0.004003512837416953,1.14035721146871
0.004003539854912299,1.139859587113588
0.004003571937580368,1.138852507271944
0.00400360564690423,1.137909746688026
0.004003640548624118,1.13775450889013
0.004003676159478959,1.137701673698574
0.004003716448225111,1.137721485978268
0.004003783752616659,1.137745344299155
0.004003882305325557,1.137976449603906
0.004004,1.13837389942459
0.004004068661513547,1.138413522974451
0.004004154733513105,1.138583146011242
0.0040042395298781,1.138788496493348
0.004004409122608092,1.139149394238327
0.004004748308068074,1.139910007750227
0.004005403282879586,1.141339257244799
0.00400671323250261,1.144217284071282
0.004009333131748658,1.149885504108775
0.004014572930240754,1.161037313249229
0.004025052527224946,1.182455849798185
0.00404601172119333,1.222079024504449
0.004079750673107087,1.277390182901495
0.004113835760514212,1.323607702234219
0.004131285137998967,1.343703223364956
0.004149428291357258,1.361835804245091
0.004153456917261262,1.36545575702336
0.004161514169069269,1.372344851919567
0.004168114748292796,1.377741090413364
0.004174885146730594,1.383067696047416
0.004176891024475,1.384595316047077
0.004180902779963814,1.387597792483089
0.004188926290941442,1.393345810293342
0.004204973312896697,1.40390914816664
0.004224067543067498,1.414964233728813
0.004253471609787268,1.429243391228056
0.004295100182958781,1.444812054345504
0.004353169984862132,1.45986672365386
0.004404,1.468511635161952
0.0044040625,1.467333885808713
0.0044041875,1.46521243644708
0.0044044375,1.461415436380602
0.00440467499535227,1.458836951455715
0.004405039871532191,1.455635933280952
0.004405394092904727,1.451608672148883
0.004405810235037016,1.445661057022879
0.004406574124346635,1.434311592325317
0.004406716107367569,1.430580982679529
0.004406787098878037,1.428074647341649
0.004406929081898971,1.422028900083011
0.004406956390435741,1.4206985597179
0.004406991548286839,1.418596122433563
0.004407026912151805,1.416906984008827
0.004407035028035824,1.416527654563455
0.004407051259803861,1.416823219223423
0.004407070011064909,1.417624249734276
0.004407086932342695,1.4184156760332
0.004407120774898265,1.419004525577084
0.004407147204650819,1.418972136212471
0.004407176185048219,1.41885693429432
0.00440721303930028,1.418760451773489
0.004407286747804403,1.418243430741541
0.004407369397128853,1.417502939531138
0.004407484380996017,1.415625206815661
0.004407618831098084,1.411652088843037
0.004407824907393916,1.397586752133817
0.004408,1.377067121124085
0.004408069794035182,1.376843848812095
0.004408179664407827,1.376615684415368
0.004408281089165234,1.376432079603537
0.004408483938680048,1.375981732219474
0.004408889637709676,1.375171529569648
0.004409701035768931,1.373481048922481
0.004411323831887443,1.370257918668904
0.004414569424124465,1.363964929858289
0.004421060608598509,1.352323036564513
0.004434042977546598,1.331462889016899
0.004460007715442776,1.296561908858457
0.004499114889151983,1.254967720838284
0.004556879847018036,1.209163191934716
0.004629165072926497,1.16740668784949
0.004722328083447587,1.128168663145937
0.004845945756703195,1.089808771332485
0.005,1.054733095113467
0.00500025,1.055601103943569
0.005000355457781347,1.055886008212664
0.005000566373344041,1.056218753370993
0.005000607945743096,1.056649090127462
0.005000691090541205,1.057524913055378
0.005000708741535001,1.057801710789531
0.005000744043522595,1.058669407420873
0.005000785157967189,1.059626386268798
0.005000810751478738,1.059404100662518
0.00500083655805003,1.059903808619036
0.005000845323235832,1.060233064986996
0.005000862853607436,1.060846226127763
0.005000893186965871,1.062042577006647
0.005000945953249127,1.064380964750465
0.005001042613245721,1.069383010558078
0.005001170994715193,1.076826095768332
0.005001346229656672,1.087339487917499
0.005001590114419767,1.101024882102858
0.005001936073923822,1.11735817043354
0.005002309787491066,1.125934781578601
0.005002394048814847,1.126894989233768
0.005002562571462407,1.128196252239777
0.00500262068535115,1.128584717985745
0.005002736913128636,1.129171746420729
0.005002913323478487,1.130102013726886
0.005003120838167418,1.131608868763729
0.005003190518772568,1.132581565575538
0.005003329879982867,1.134841070007758
0.005003360526547762,1.135830944517499
0.005003421819677552,1.137884492384519
0.005003429989793611,1.138276981360297
0.005003446330025728,1.138754200145302
0.005003472414041418,1.139694635012275
0.005003494163801793,1.139871043491212
0.005003515407986142,1.140046322736817
0.005003549104949757,1.139189869622444
0.005003579528246777,1.138292673085839
0.005003618073488507,1.137366791603033
0.005003653639767483,1.137493210779625
0.005003689090656049,1.137285746011658
0.00500373587401214,1.137483912204255
0.005003810021939564,1.137377800507618
0.00500392018078346,1.137844935785321
0.005004,1.137976530963826
0.005004062760215171,1.138076882328853
0.005004138400748379,1.138225535069546
0.005004210427816347,1.138396936857919
0.005004354481952283,1.138709922694098
0.005004642590224154,1.1393496596346
0.005005168741611664,1.140506676888195
0.005006221044386684,1.142816614309978
0.005008325649936724,1.147397688611374
0.005012534861036804,1.156422603806254
0.005020953283236964,1.173913255195072
0.005037790127637284,1.20676284419712
0.005071463816437923,1.264516051710776
0.005107685137778244,1.315774893288066
0.005126773824795179,1.338590746630904
0.005131742595715197,1.344052277508122
0.005141680137555231,1.354341392414463
0.005146648908475248,1.359129935140638
0.005153883768768877,1.365727855521005
0.005155575673340597,1.367199324444101
0.005158959482484036,1.370101786706301
0.00516450826292745,1.3747082700388
0.005172207889302913,1.380894080956158
0.005175813218034562,1.383676755259811
0.005183018386357588,1.389057335779638
0.005192505713084559,1.395719895937591
0.005210557237956168,1.407232571985042
0.005231418525233064,1.418760603825036
0.005263351827017772,1.433334643471003
0.005308712992845309,1.448904162122707
0.005356356496422654,1.460427389168871
0.005404,1.468440083021052
0.0054040625,1.467264001693695
0.0054041875,1.46514231182481
0.0054044375,1.461347306627754
0.005404674003326576,1.458772836784933
0.005405040208080884,1.455559485853744
0.005405396216967957,1.451511592679533
0.005405813024156943,1.445548525916686
0.005406583355797968,1.434054991753751
0.00540672581916947,1.430184331254523
0.005406797050855222,1.427620402412799
0.005406939514226724,1.421508432824435
0.005406983623387996,1.419078356503081
0.005406997351304131,1.418156531833377
0.0054070248071364,1.41693572594748
0.005407050429820253,1.416519128347829
0.005407069431848595,1.417644157181911
0.005407089806023218,1.418297068938038
0.005407116521231756,1.419021630096999
0.005407144687750205,1.418778323240655
0.005407171340801492,1.418910618881615
0.005407210799918915,1.418588233849428
0.005407272778936537,1.418382751590153
0.005407355557632715,1.417480394623814
0.005407456337170571,1.416204661148822
0.005407597377972683,1.412322429475882
0.005407771345085081,1.402446231994253
0.005408,1.376881623944371
0.005408069059041541,1.376794144464834
0.005408188090337653,1.37654268852011
0.005408302308517301,1.376319860864993
0.005408530744876599,1.375828793993442
0.005408987617595193,1.374900727908768
0.005409901363032383,1.373019787269293
0.005411728853906761,1.369393063255395
0.005415383835655519,1.362391256381162
0.005422693799153034,1.349477428248115
0.005437313726148064,1.326592750979564
0.005466553580138123,1.288743867011814
0.005508084533694862,1.246807129070943
0.005570062586506132,1.200467889146285
0.005643369528227185,1.160569106997812
0.0057444318177115,1.120355585042747
0.005873237638547492,1.082749801141276
0.006,1.054851199157845
0.00600025,1.055719504765772
0.006000355457781347,1.056004391267226
0.006000566373344041,1.056337691397726
0.006000607920336106,1.056765215891118
0.006000691014320235,1.057640671460117
0.00600070866833934,1.057914358449652
0.00600074397637755,1.058782684631967
0.006000784976278027,1.059743003369674
0.006000795019168312,1.059659838294713
0.006000815104948882,1.059515411989258
0.006000836178661707,1.060041900390265
0.006000858704890425,1.060816350441005
0.00600088317404291,1.061750913312441
0.006000929045143443,1.063711249070981
0.00600102078734451,1.068305567884746
0.006001133776002445,1.074723688426839
0.006001298942479219,1.084644238258403
0.006001526931675087,1.097739071219522
0.006001838125342131,1.113416536965051
0.006002221484558882,1.124800084188181
0.006002563142807586,1.128339020544352
0.006002695032401334,1.129055072855812
0.006002760977198208,1.12942525883046
0.006002793949596645,1.129557565534433
0.00600285989439352,1.129912833823159
0.006002949572661929,1.130385343084544
0.006003087884318077,1.131422401920975
0.006003149723728684,1.132097052196307
0.006003273402549898,1.133929846075697
0.006003332090141422,1.135091208928577
0.006003356437180988,1.13574598870318
0.00600340513126012,1.137452557574413
0.006003450720335394,1.139010720732834
0.006003461144003235,1.139475768543676
0.006003481991338915,1.139846494501678
0.006003508817771824,1.140158013232072
0.006003537547506012,1.139669073617418
0.006003569086016039,1.138721924694261
0.006003602951956438,1.137712317251883
0.006003638451114654,1.137533597940246
0.006003674524013731,1.13747742679052
0.006003713939962499,1.137500349900819
0.006003780132149261,1.137515302136174
0.006003876589238967,1.13774333545225
0.006003938294619484,1.137908482351191
0.006004,1.138176858432119
0.006004056356115234,1.138167100087111
0.00600411976030155,1.138285902080597
0.006004183363586239,1.138441170347523
0.006004310570155616,1.13871358577846
0.00600456498329437,1.139282157303603
0.006005073809571878,1.140397189991603
0.006006091462126894,1.142637113006739
0.006008126767236926,1.147065537842268
0.00601219737745699,1.155806839034247
0.006020338597897117,1.172753753889949
0.006036621038777373,1.204660669426502
0.006069185920537883,1.260996768356547
0.00610602607084728,1.313719003908575
0.006133834969948213,1.3463536634585
0.006138707186895838,1.351415340042277
0.006148451620791086,1.360867235895935
0.006157648483059126,1.369031867537279
0.006159603242340828,1.37068667129595
0.006163512760904232,1.373937154288911
0.006170827679932845,1.379846622812423
0.006173785734994206,1.382160698865949
0.00617970184511693,1.386653928623734
0.006188141847582289,1.39274861652852
0.006202660854176348,1.40241449933701
0.006221298503883093,1.413415544706864
0.006246978001579988,1.426312054127545
0.006289795828508964,1.443074559925297
0.006342060022824523,1.45743834766402
0.006404,1.468538780688325
0.0064040625,1.467359073635577
0.0064041875,1.465235978249915
0.0064044375,1.461441753635765
0.00640467351789565,1.458871844073669
0.00640504039199542,1.455657478906704
0.006405396051053566,1.451605004367925
0.006405813970263797,1.445632046108953
0.006406584352591357,1.434118013991939
0.006406726360631186,1.430262807778401
0.006406797364651101,1.427696735266406
0.00640693937269093,1.421615036575832
0.006406983444111641,1.41918086969271
0.006406997161446782,1.418265767346041
0.006407024596117062,1.417038236342566
0.006407050288972054,1.416621258073788
0.006407069279478712,1.417739318585699
0.006407089674732636,1.418398711652038
0.006407116341293342,1.419119394287861
0.006407144508548965,1.41888090979657
0.00640717115351524,1.419009348336759
0.006407210535387133,1.418690934299387
0.006407272462599914,1.41848254332819
0.006407355097557623,1.417585474601841
0.006407455913159463,1.416307704033643
0.006407596638609563,1.412444517849498
0.00640777061157315,1.402590208391492
0.006408,1.376963394854009
0.006408069105798362,1.376875593231656
0.006408188307140373,1.376623654493323
0.006408302711844545,1.376400157735454
0.006408531521252887,1.375908101611152
0.006408989140069571,1.374977741749234
0.006409904377702939,1.373092697955295
0.006411734852969676,1.369457828473843
0.00641539580350315,1.362441500596577
0.006422717704570098,1.349502756294039
0.006437361506703994,1.326579654280383
0.006466649110971785,1.288677285550619
0.006508184987836346,1.246752465095087
0.006570188266499964,1.200412459205074
0.006643508174436192,1.160522197490406
0.006744606039440777,1.120309357190571
0.006873451172322563,1.082705898705529
0.007,1.05485942384927
0.00700025,1.055727780435828
0.007000355457781347,1.056012666352535
0.007000566373344041,1.056345933288512
0.007000607922158807,1.056773424751465
0.007000691019788337,1.057648816860744
0.007000708674380079,1.057922515373394
0.007000743983563562,1.058790807736853
0.007000784978741145,1.059751325485047
0.007000795024778943,1.05966829642776
0.00700081511685454,1.059523730539897
0.0070008361892547,1.060050179498944
0.007000858719612553,1.06082480692469
0.007000883186854772,1.061759325592697
0.007000929064067044,1.063720026632559
0.007001020818491588,1.068315179926621
0.007001133849399326,1.07473605225061
0.007001298994059987,1.084655387753504
0.007001527022253977,1.09775215022861
0.007001838203728479,1.113428094203185
0.007002221605388592,1.124809459431216
0.007002563238019933,1.128346843254247
0.007002695050242405,1.129062380406506
0.007002760956353642,1.129432325306546
0.007002793909409261,1.129564572861382
0.007002859815520498,1.129919592739987
0.007002949467335693,1.130391915113735
0.007003087761000836,1.131428441143499
0.007003149616253886,1.132102905316996
0.007003273326759985,1.133935707299943
0.007003332027840919,1.13509679585243
0.007003356392152021,1.135751526545814
0.007003405120774224,1.137458963681207
0.007003450703910812,1.1390169847524
0.007003461138977191,1.139482423012669
0.007003482009109948,1.139854000744231
0.007003508883108562,1.140165279594566
0.007003537572931681,1.139676329192546
0.007003569121271675,1.138728712214313
0.007003602980538391,1.137719558094099
0.007003638473655874,1.137541137629793
0.007003674541210655,1.137484765232423
0.007003713964928822,1.13750786876623
0.00700378014223034,1.137522637952272
0.007003876641408968,1.137750910394635
0.007003938320704484,1.137915900896247
0.007004,1.138184247820896
0.007004056344202135,1.138174426366114
0.007004119734051335,1.138293106406069
0.00700418332439733,1.138448336561605
0.00700431050508932,1.138720698932524
0.0070045648664733,1.139289137015734
0.00700507358924126,1.140403932015776
0.007006091034777179,1.142643354575033
0.007008125925849019,1.147070824020295
0.007012195707992697,1.155810237995253
0.007020335272280054,1.172753622464485
0.007036614400854769,1.204654258165264
0.007069172658004197,1.260980741907137
0.007106013343348724,1.313706528461671
0.007133824667158221,1.346346065987138
0.007138697257051642,1.351408290843717
0.007148442436838483,1.360861663188728
0.007157644691497441,1.369031187218461
0.007159598209870211,1.370685105709582
0.007163505246615751,1.373933427722212
0.007170803882468997,1.379830333107501
0.007173769538764096,1.382150437330927
0.007179700851354293,1.386655565379732
0.007188150221611849,1.392756534389572
0.007202569328099089,1.402358625347319
0.007221258097850117,1.413394913234244
0.007246853691334834,1.426256679241503
0.00728968278680388,1.443038134646328
0.0073419185818109,1.457407469843509
0.007404,1.468540049653861
0.0074040625,1.467360388651239
0.0074041875,1.465237301178774
0.0074044375,1.461443066507375
0.0074046735230736,1.458873134815142
0.007405040389760757,1.455658834677079
0.007405396051688789,1.451606335901375
0.007405813969434186,1.445633356073121
0.007406584350669542,1.43411931671809
0.007406726358898228,1.430264146705253
0.007406797363012571,1.427698112320743
0.007406939371241258,1.421616453907069
0.007406983442678361,1.419182288702494
0.007406997160028045,1.41826719114615
0.007407024594727413,1.417039651544837
0.007407050287601739,1.41662267714724
0.007407069278132733,1.417740727557036
0.007407089673392284,1.418400125278172
0.007407116339923844,1.419120798970408
0.00740714450729231,1.418882320503338
0.00740717115223959,1.419010750963396
0.007407210534268305,1.418692340367419
0.007407272461808458,1.418483936705839
0.007407355097230716,1.417586860581265
0.007407455912428929,1.416309073319121
0.007407596638910015,1.412445817438021
0.00740777061139443,1.402591416138138
0.007408,1.37696454006809
0.007408069105758362,1.376876736489563
0.007408188307090207,1.376624796211065
0.007408302711823837,1.376401296763527
0.007408531521291097,1.375909236086485
0.007408989140225618,1.374978866733255
0.007409904378094659,1.373093805117344
0.007411734853832741,1.369458901609862
0.007415395805308905,1.362442513631268
0.007422717708261234,1.349503672852903
0.007437361514165891,1.326580434716516
0.007466649125975206,1.288677890234723
0.007508184579996376,1.246753303419882
0.007570187433964586,1.200413336278245
0.007643507209087026,1.160522902311357
0.007744604642598785,1.120310017594631
0.007873449260833137,1.082706511152032
0.008,1.054859524942025
0.00800025,1.05572788169657
0.008000355457781348,1.056012767557142
0.008000566373344044,1.05634603410066
0.008000607922181959,1.056773525117103
0.00800069101985779,1.057648916564401
0.008000708674456628,1.057922615130662
0.008000743983654305,1.058790907232324
0.008000784978774874,1.059751427236604
0.008000795024850299,1.059668399926947
0.008000815117001148,1.05952383225155
0.00800083618938547,1.060050280860092
0.008000858719792529,1.06082491030161
0.008000883187011766,1.06175942855348
0.008000929064297077,1.063720133873326
0.008001020818867699,1.068315297291253
0.008001133850282983,1.074736202590775
0.00800129899468097,1.08465552358913
0.008001527023340607,1.097752308981524
0.008001838204671019,1.113428234893532
0.008002221606837166,1.124809573577974
0.008002563239160565,1.128346938833056
0.008002695050441525,1.129062469639975
0.008002760956082005,1.129432411704796
0.008002793908902244,1.129564658451896
0.008002859814542724,1.129919675386531
0.008002949466029525,1.130391995353206
0.008003087759463332,1.131428514789203
0.008003149614921658,1.1321029766452
0.008003273325838311,1.133935779130076
0.008003332027085423,1.135096864292779
0.008003356391608218,1.135751594563341
0.008003405120653808,1.137459042258511
0.008003450703719489,1.139017061755261
0.008003461138923437,1.139482504602272
0.008003482009331332,1.139854092646681
0.008003508883897153,1.140165368450824
0.008003537573252653,1.139676417735952
0.00800356912170818,1.138728795028928
0.008003602980899378,1.137719646513501
0.008003638473943605,1.137541229784646
0.008003674541431846,1.137484855030883
0.008003713965247815,1.137507960693584
0.008003780142378234,1.13752272775276
0.008003876642090119,1.137751003125197
0.008003938321045061,1.137915991749795
0.008004000000000001,1.138184338167795
0.008004056344046577,1.138174515957674
0.008004119733708572,1.138293195475748
0.008004183323885618,1.138448425262187
0.00800431050423971,1.138720786815305
0.008004564864947893,1.139289223302797
0.008005073586364261,1.14040401510292
0.008006091029196995,1.142643431323105
0.008008125914862465,1.147070888293799
0.008012195686193404,1.155810278014814
0.008020335228855282,1.172753616761692
0.008036614314179038,1.204654171564068
0.00806917248482655,1.260980531500847
0.008106013196363549,1.313706391866577
0.00813382454445862,1.346345978760043
0.008138697140437435,1.351408213496662
0.008148442332395063,1.360861603955228
0.00815764465139325,1.369031187551604
0.008159598168507866,1.37068510499053
0.008163505202737098,1.373933424941421
0.008170803862446214,1.379830349251563
0.008173769476137809,1.382150420238504
0.008179700703520998,1.386655485473388
0.008188150011322714,1.392756415503661
0.008202569394981067,1.402358693480612
0.008221257913991767,1.413394834129184
0.008246853685740487,1.426256695580135
0.008289682574615683,1.443038076775268
0.008341918280454287,1.457407410466973
0.008404,1.468540056582363
0.0084040625,1.467360395551013
0.0084041875,1.46523730803808
0.0084044375,1.46144307339982
0.008404673523071792,1.458873141792785
0.008405040389768536,1.455658841606473
0.008405396051695048,1.451606342799796
0.008405813969452188,1.44563336262685
0.008406584350710034,1.434119322410827
0.008406726358937364,1.430264152119093
0.008406797363051029,1.427698117619673
0.008406939371278359,1.421616459418315
0.00840698344271837,1.419182293238739
0.008406997160063762,1.418267196098629
0.008407024594754545,1.417039657746247
0.008407050287601034,1.416622684910729
0.008407069278132487,1.417740735468696
0.008407089673386686,1.4184001327465
0.008407116339931704,1.419120806437025
0.008407144507295163,1.418882327858926
0.008407171152248177,1.419010758226643
0.008407210534275313,1.418692347706591
0.008407272461816691,1.418483943848943
0.008407355097251535,1.41758686764783
0.008407455912490827,1.416309079226835
0.008407596638932069,1.412445823539239
0.008407770611487076,1.402591414748767
0.008408000000000001,1.376964546174056
0.008408069105758087,1.376876742458059
0.008408188307075685,1.37662480220883
0.00840830271178766,1.376401302802691
0.008408531521211609,1.375909242180908
0.008408989140059508,1.37497887296931
0.008409904377755305,1.373093811595995
0.008411734853146901,1.369458908588053
0.008415395803930092,1.362442521507299
0.008422717705496473,1.349503682360181
0.008437361508629237,1.326580446912134
0.008466649114894764,1.288677906354607
0.008508184562291117,1.246753321566767
0.008570187407512808,1.20041335495062
0.008643507179223138,1.160522917614695
0.008744604602664635,1.12031003216124
0.008873449209075963,1.082706524797864
0.009000000000000001,1.054859525338308
0.009000250000000001,1.055727882088916
0.009000355457781349,1.05601276794919
0.009000566373344045,1.056346034491569
0.009000607922182043,1.056773525505401
0.00900069101985804,1.057648916951164
0.009000708674456905,1.057922615516096
0.009000743983654634,1.058790907618131
0.009000784978774974,1.059751427629913
0.009000795024850551,1.059668400329002
0.009000815117001706,1.059523832644634
0.009000836189385963,1.060050281253342
0.009000858719793222,1.06082491070101
0.009000883187012367,1.06175942895325
0.009000929064297959,1.063720134287492
0.009001020818869143,1.068315297746482
0.009001133850286386,1.074736203171104
0.009001298994683344,1.084655524114601
0.009001527023344795,1.097752309594547
0.009001838204674605,1.113428235436747
0.009002221606842737,1.124809574018764
0.009002563239164939,1.128346939204006
0.009002695050442312,1.129062469984993
0.009002760956080998,1.129432412040744
0.009002793908900341,1.12956465878305
0.009002859814539027,1.129919675708146
0.00900294946602459,1.130391995664056
0.009003087759457538,1.131428515076974
0.009003149614916729,1.132102976923742
0.00900327332583511,1.133935779415583
0.009003332027082834,1.135096864565046
0.009003356391606395,1.135751594836361
0.009003405120653519,1.137459042568809
0.009003450703718961,1.139017062061564
0.009003461138923382,1.139482504922995
0.009003482009332224,1.139854093003484
0.009003508883899914,1.140165368795401
0.009003537573253909,1.139676418079283
0.009003569121709801,1.138728795351784
0.009003602980900775,1.137719646857139
0.009003638473944758,1.13754123014032
0.009003674541432765,1.137484855380204
0.009003713965249087,1.137507961048474
0.009003780142378955,1.137522728102319
0.009003876642092807,1.13775100348343
0.009003938321046404,1.137915992103116
0.009004000000000002,1.138184338516817
0.009004056344045965,1.138174516304796
0.009004119733707221,1.138293195820892
0.009004183323883603,1.138448425605835
0.009004310504236366,1.138720787155801
0.009004564864941892,1.139289223636972
0.009005073586352944,1.140404015424589
0.009006091029175049,1.142643431619805
0.009008125914819257,1.147070888541527
0.009012195686107675,1.155810278167279
0.00902033522868451,1.172753616734529
0.00903661431383818,1.204654171219142
0.009069172484145519,1.260980530669747
0.009106013195788501,1.313706391330277
0.009133824543979385,1.346345978418073
0.009138697139982157,1.351408213193519
0.009148442331987703,1.36086160372329
0.009157644651238112,1.369031187553128
0.00915959816834791,1.370685104988069
0.009163505202567507,1.373933424931006
0.009170803862367197,1.379830349313049
0.009173769475896452,1.382150420173303
0.009179700702954964,1.386655485168863
0.009188150010518982,1.392756415050803
0.009202569395233888,1.402358693740608
0.009221257913292218,1.413394833829823
0.009246853685719557,1.426256695643762
0.009289682573814111,1.443038076557982
0.009341918279318302,1.457407410244087
0.009404000000000001,1.468540056609087
0.009404062500000001,1.467360395577598
0.009404187500000001,1.465237308064534
0.009404437500000001,1.461443073426369
0.009404673523071783,1.458873141819735
0.00940504038976858,1.455658841633013
0.009405396051695079,1.451606342826356
0.00940581396945228,1.445633362651747
0.009406584350710233,1.434119322431886
0.009406726358937557,1.430264152138508
0.009406797363051219,1.427698117638513
0.009406939371278542,1.421616459437831
0.009406983442718567,1.419182293253815
0.00940699716006394,1.418267196115149
0.009407024594754685,1.417039657768863
0.00940705028760104,1.416622684941049
0.009407069278132497,1.41774073549997
0.00940708967338667,1.41840013277536
0.009407116339931753,1.419120806466091
0.009407144507295188,1.418882327887168
0.009407171152248232,1.419010758254578
0.009407210534275363,1.418692347734806
0.009407272461816749,1.418483943876247
0.009407355097251663,1.417586867674583
0.009407455912491151,1.416309079248066
0.009407596638932224,1.41244582356022
0.00940777061148757,1.402591414732193
0.009408000000000001,1.376964546197704
0.009408069105758086,1.376876742481059
0.009408188307075606,1.376624802232006
0.009408302711787464,1.376401302826105
0.009408531521211181,1.375909242204647
0.009408989140058615,1.374978872993891
0.009409904377753483,1.373093811622014
0.009411734853143219,1.369458908617007
0.009415395803922691,1.362442521541544
0.009422717705481634,1.349503682403913
0.00943736150859952,1.326580446971335
0.009466649114835293,1.288677906436195
0.009508184562201588,1.24675332165549
0.009570187407380103,1.200413355042112
0.009643507179074666,1.160522917689323
0.00974460460246696,1.120310032232145
0.009873449208818172,1.082706524865123
0.01,1.054859525339563
