iinteg(i("/R1/PLUS" ?result "tran")) X,iinteg(i("/R1/PLUS" ?result "tran")) Y
0,0
1e-05,-4.53157465518661e-14
3e-05,-2.158279768604832e-13
7.000000000000002e-05,-5.320012364740114e-13
0.0001361356098601914,-9.922689206426649e-13
0.0002684068295805741,-1.726979642341062e-12
0.0004684068295805741,-2.483397690982966e-12
0.0006684068295805741,-2.960094085496498e-12
0.0008342034147902871,-3.224320938585737e-12
0.001,-3.415269113426932e-12
0.0010000625,-3.40061267091953e-12
0.0010001875,-3.28398391435429e-12
0.00100025,-3.188836674286878e-12
0.001000275289815858,-3.146934707014667e-12
0.001000325869447573,-3.055107881003326e-12
0.001000403110039169,-2.879286599770713e-12
0.001000472899431834,-2.669933731196723e-12
0.001000575832948949,-2.240650040311549e-12
0.001000781699983179,-7.388425100559304e-13
0.001001032486203605,2.735836035472247e-12
0.001001389669732542,1.217690016394623e-11
0.001001456072344104,1.460460889037529e-11
0.001001588877567226,2.013735952282428e-11
0.001001651054641815,2.302958855069342e-11
0.001001775408790992,2.936937613810638e-11
0.001002024117089346,4.416305060027266e-11
0.001002318643322127,6.499927427137525e-11
0.001002741491396012,9.892996662185435e-11
0.001002834120034502,1.067422947950009e-10
0.001003019377311483,1.225207390189297e-10
0.001003070513307124,1.269219035105759e-10
0.001003084427361056,1.281267274146388e-10
0.00100311225546892,1.305492680589291e-10
0.001003159814703496,1.347372045725496e-10
0.001003188474113182,1.372936238112116e-10
0.001003197309246054,1.380873763776204e-10
0.001003214979511796,1.396814517993452e-10
0.001003236618490691,1.416422670718166e-10
0.001003268626418551,1.445468754329983e-10
0.001003302943581966,1.476416896708711e-10
0.001003334552348969,1.504576768746121e-10
0.001003374955233116,1.540224113552645e-10
0.001003414633214821,1.575099749034155e-10
0.001003452569351051,1.608412375269783e-10
0.001003508354416991,1.657350528875372e-10
0.001003608494422431,1.745082318535125e-10
0.001003729749614165,1.85120269992118e-10
0.001003864874807082,1.969576789260173e-10
0.001004,2.088466711624806e-10
0.001004077404457198,2.156738369479045e-10
0.001004173499551981,2.241438587626872e-10
0.001004265854897952,2.322807496920158e-10
0.001004450565589895,2.485446613351028e-10
0.001004819986973779,2.810326915121617e-10
0.001005558829741548,3.458496006917041e-10
0.001007036515277086,4.748455567561646e-10
0.001009991886348161,7.302860107103627e-10
0.001015902628490312,1.230994547918696e-09
0.001027724112774615,2.192369295206772e-09
0.001051367081343219,3.962528596613977e-09
0.001089186444485272,6.408739102937447e-09
0.00113714714893851,8.913732291896405e-09
0.001159830966670407,9.890213722506483e-09
0.001176579953178471,1.053393540606273e-08
0.001180961424302384,1.069177883226979e-08
0.001189724366550211,1.099406109513468e-08
0.001192668984805087,1.109156528474202e-08
0.001197909512909005,1.125994175415447e-08
0.001204412744386104,1.145978760103948e-08
0.001210056393800094,1.162536571836645e-08
0.001216281380323342,1.180022176187721e-08
0.001218882925799774,1.187101046651012e-08
0.001224086016752637,1.200875575359079e-08
0.001233927695403115,1.225595284382848e-08
0.001246390252332035,1.254534670806394e-08
0.001266049562533816,1.295302404849886e-08
0.001293638672994089,1.343644978169544e-08
0.001333304414207778,1.398193113161013e-08
0.001368652207103889,1.434842813339868e-08
0.001404,1.462928981678288e-08
0.0014040625,1.46296843314181e-08
0.0014041875,1.463026860526842e-08
0.001404437500000001,1.463069409022312e-08
0.001404673040153411,1.463033082509122e-08
0.001405037950264001,1.462870783523111e-08
0.001405390551667021,1.462589537439109e-08
0.001405804522279232,1.46206461860132e-08
0.001406546061922573,1.460546757453411e-08
0.001406688592267871,1.460158822818243e-08
0.00140675985744052,1.45994419522536e-08
0.001406902387785819,1.459454447355189e-08
0.001406936192504304,1.459325502516363e-08
0.001406974216773695,1.459174162774589e-08
0.001407018250989098,1.458989490337699e-08
0.001407027231012702,1.458950504580365e-08
0.001407045191059908,1.458871700447951e-08
0.001407062749431969,1.458794549740622e-08
0.001407082026480207,1.458711202792359e-08
0.001407100287103522,1.458633818142407e-08
0.001407135788157561,1.458485620434178e-08
0.001407161511284422,1.458378795803398e-08
0.001407191819646865,1.458252804919573e-08
0.001407235380910355,1.45807143208462e-08
0.001407310131029618,1.457758312187064e-08
0.001407401004869428,1.457372422448711e-08
0.001407519391793808,1.456853972094338e-08
0.001407663024063241,1.456178352658812e-08
0.00140783151203162,1.455248770110995e-08
0.001408,1.454058158139602e-08
0.001408068754133344,1.453505593753361e-08
0.001408173705541203,1.45266315420477e-08
0.001408272864766724,1.451868187299309e-08
0.001408471183217767,1.450280855962659e-08
0.001408867820119853,1.447116647799115e-08
0.001409661093924023,1.440830068853059e-08
0.001411247641532365,1.428424177689311e-08
0.001414420736749049,1.404275400966146e-08
0.001420766927182417,1.358556454747437e-08
0.001433459308049153,1.276554879368524e-08
0.001458844069782624,1.142765442112862e-08
0.001498664683054374,9.882760454038394e-09
0.00155894118176464,8.272301329626314e-09
0.001630594628521656,6.963838415333113e-09
0.001727595510943743,5.715855548948612e-09
0.001852069987744155,4.57713360926881e-09
0.002,3.589938493085678e-09
0.00200025,3.588638311781885e-09
0.002000355457781347,3.588153600879293e-09
0.002000566373344041,3.58725489520844e-09
0.002000607755272118,3.587095223760956e-09
0.002000690519128272,3.586830719205948e-09
0.002000708125364593,3.586784703770794e-09
0.002000743337837236,3.586712875303112e-09
0.002000784744825727,3.586666057910734e-09
0.002000794538921298,3.586659153866955e-09
0.002000814127112441,3.586643139604251e-09
0.002000835332762126,3.586630043719343e-09
0.002000857546259022,3.586630676581297e-09
0.002000882192802607,3.586652329329459e-09
0.00200092765215215,3.58675748840424e-09
0.002001018570851235,3.587261019088302e-09
0.002001128191835709,3.588453287661765e-09
0.002001295444973039,3.59161728518362e-09
0.002001520748865555,3.598430078664217e-09
0.002001832886882307,3.612240153092716e-09
0.002002213103381149,3.634014448390807e-09
0.002002556175047909,3.656000122075388e-09
0.002002685918797163,3.664526360365682e-09
0.00200275079067179,3.668809784864575e-09
0.002002783226609103,3.670955872535311e-09
0.002002848098483731,3.675256059944072e-09
0.00200293310439255,3.680909104893351e-09
0.00200305525409671,3.689080790984372e-09
0.00200329955350503,3.705810096161121e-09
0.002003345059623554,3.709007587798914e-09
0.002003397670007412,3.712773575987119e-09
0.0020034529688694,3.716825965627204e-09
0.002003465127285176,3.717730513733347e-09
0.002003489444116728,3.719548558011824e-09
0.002003515674854248,3.721514297304256e-09
0.002003549206795594,3.724012980903761e-09
0.002003579605682912,3.726248243111382e-09
0.002003618521477614,3.729071789001708e-09
0.002003669963989447,3.732777609610638e-09
0.002003706571781393,3.73540983911379e-09
0.002003757135656109,3.739040037712595e-09
0.002003842526969461,3.745162757846421e-09
0.00200392126348473,3.750806008735648e-09
0.002004,3.756454037560428e-09
0.002004063660145367,3.761018618781373e-09
0.002004135975388688,3.766197581909785e-09
0.002004207583781269,3.771323977311085e-09
0.002004350800566432,3.78157186416375e-09
0.002004637234136758,3.802046422669709e-09
0.00200521010127741,3.842911771375626e-09
0.002006355835558713,3.924305466242588e-09
0.00200864730412132,4.085753921811052e-09
0.002013230241246534,4.403361856208255e-09
0.002022396115496961,5.017896432599301e-09
0.002040727863997816,6.167826176176798e-09
0.002075145642087248,8.063779274002781e-09
0.002110633942130412,9.691543825548537e-09
0.002129045046367629,1.041618133913456e-08
0.002133834346716059,1.059197513585875e-08
0.00214341294741292,1.092769739266203e-08
0.002148202247761351,1.108747956625504e-08
0.002154325380083921,1.128374507189459e-08
0.002161165757011439,1.149246613445304e-08
0.002166609692048414,1.165099205866489e-08
0.002172992430438126,1.182903268315108e-08
0.002175116292492544,1.188648961923297e-08
0.00217936401660138,1.199885657592114e-08
0.002187859464819052,1.221379223525349e-08
0.00219724932663821,1.243684464796335e-08
0.002216029050276527,1.284106913508076e-08
0.002237348030082635,1.323858995049302e-08
0.00227998598969485,1.387296784396407e-08
0.00232541396450282,1.436034683801306e-08
0.00236470698225141,1.466545894318122e-08
0.002404,1.489211868477957e-08
0.0024040625,1.489238891711039e-08
0.002404187500000001,1.489272189247593e-08
0.002404437500000001,1.489264718901095e-08
0.002404674613155864,1.489182423543327e-08
0.002405039636818487,1.488952286057779e-08
0.002405392984304207,1.488605634156984e-08
0.002405809574826652,1.487996517044488e-08
0.002406573170307954,1.486252230386506e-08
0.002406715030108369,1.485826907436987e-08
0.002406785960008577,1.485593029804406e-08
0.002406927819808992,1.485066609630244e-08
0.002406955399038647,1.48495441127939e-08
0.002406990582811797,1.484805416615353e-08
0.002407026170234753,1.484648112497353e-08
0.002407034607452326,1.484609952126005e-08
0.002407051481887471,1.484533578020237e-08
0.002407070447493996,1.48444882353195e-08
0.002407087457966701,1.484374222179504e-08
0.002407118963840253,1.484238299110184e-08
0.002407145136058482,1.484126195773489e-08
0.002407173581319754,1.484004335365389e-08
0.00240721103171978,1.483843686252831e-08
0.002407285587566953,1.483522237166387e-08
0.002407373527967408,1.483138409894417e-08
0.002407483960225859,1.482643702137735e-08
0.00240762096473935,1.481992476637596e-08
0.002407822374822807,1.480862453842654e-08
0.002408,1.47956734679916e-08
0.002408069555602206,1.478989484813332e-08
0.002408179574423914,1.478075994742302e-08
0.002408281547887355,1.477230393255754e-08
0.002408485494814238,1.475541924619337e-08
0.002408893388668005,1.472175976817472e-08
0.002409709176375537,1.465488096923291e-08
0.002411340751790602,1.452289184479462e-08
0.002414603902620731,1.426598366368365e-08
0.00242113020428099,1.377998738725988e-08
0.002434182807601508,1.291092083885471e-08
0.002460288014242544,1.150362988291938e-08
0.002499482177280695,9.957093103406435e-09
0.002557530426897265,8.372993493741609e-09
0.002629836198421753,7.023402737158819e-09
0.002723396443113466,5.796359628979935e-09
0.002847194578850246,4.639753715651727e-09
0.003,3.606876208033178e-09
0.00300025,3.605569576191392e-09
0.003000355457781347,3.605082404294654e-09
0.003000566373344041,3.604178484473713e-09
0.00300060790680186,3.604017103665661e-09
0.003000690973717498,3.603749165018818e-09
0.003000708617105431,3.603702508127171e-09
0.003000743903881299,3.603629422243888e-09
0.003000784988128319,3.603581926026875e-09
0.003000810535298307,3.603561854055786e-09
0.003000836350179664,3.603545088301429e-09
0.003000845038824036,3.603543004636282e-09
0.003000862416112781,3.603546954417948e-09
0.00300089219049326,3.603580160903319e-09
0.003000943856246991,3.603726808883592e-09
0.003001038414137089,3.604331979244647e-09
0.003001165252265669,3.605912528366892e-09
0.003001339231170768,3.609610305698459e-09
0.003001579796672852,3.617559310592506e-09
0.003001922682319522,3.63386995733498e-09
0.003002297174879377,3.656163702195411e-09
0.003002633566685636,3.677912673664564e-09
0.003002743631150045,3.68515990611622e-09
0.003002963760078862,3.699759226651011e-09
0.003003022547736288,3.703684733128878e-09
0.003003140123051139,3.711597995032484e-09
0.00300333222049937,3.724851750369784e-09
0.003003366917250712,3.727307393254672e-09
0.003003384265626384,3.728548660298235e-09
0.003003418962377726,3.731060936515288e-09
0.003003441426077418,3.732708506500012e-09
0.003003449607562362,3.733312712823195e-09
0.003003465970532249,3.734527521551287e-09
0.003003488749760814,3.736228211523821e-09
0.003003506894213289,3.737586879917722e-09
0.003003537538726844,3.739875050358758e-09
0.003003567900778084,3.74211839280602e-09
0.003003602721434039,3.744654321710387e-09
0.003003638435598373,3.747230370629602e-09
0.003003674972800557,3.74985812163312e-09
0.00300371407869325,3.752666254970927e-09
0.003003782416397875,3.75756539626999e-09
0.003003876924361892,3.764332723064475e-09
0.003004,3.773149970423504e-09
0.003004070040608366,3.778167359015927e-09
0.003004157416851208,3.784417396228133e-09
0.003004244064868987,3.790612660423084e-09
0.003004417360904545,3.802995828861689e-09
0.003004763952975661,3.827731244505581e-09
0.003005444165648567,3.876157443538863e-09
0.003006804590994378,3.972536058884897e-09
0.003009525441686001,4.163412153755223e-09
0.003014967143069246,4.537747112097711e-09
0.003025850545835736,5.257531805743865e-09
0.003047617351368716,6.587429747884723e-09
0.003081849646624965,8.406443459820814e-09
0.003115443264484868,9.897393252494403e-09
0.003132583109297241,1.055466426804124e-08
0.003137024391918384,1.071405097746375e-08
0.003145906957160668,1.101900916442971e-08
0.003148588734374048,1.110741056911829e-08
0.003153814105381273,1.127469604872972e-08
0.003159907334700884,1.146155075252154e-08
0.003165725859726046,1.163207293732169e-08
0.003172021491286273,1.180856598072586e-08
0.003174458700381789,1.187477556156454e-08
0.003179333118572821,1.200383359014834e-08
0.003189018759931145,1.224755321526444e-08
0.003201423772386497,1.253636113954157e-08
0.00322079052909218,1.293951425299188e-08
0.003248352908925037,1.342493750070882e-08
0.003286559593131426,1.3955648235527e-08
0.003343866610714731,1.451881076086196e-08
0.003404,1.489757596141446e-08
0.0034040625,1.489784337484558e-08
0.003404187500000001,1.489817114852833e-08
0.003404437500000001,1.489808604938523e-08
0.003404673826783627,1.489725710798689e-08
0.003405039164241977,1.489494172095944e-08
0.003405395340646136,1.489142944069871e-08
0.003405812391337973,1.488530043164044e-08
0.003406581606296027,1.486761672944614e-08
0.003406723655983955,1.486332005462952e-08
0.003406794680827919,1.486095382952212e-08
0.003406936730515846,1.485562826619165e-08
0.003406980648828267,1.485380170222761e-08
0.003406994634278137,1.4853197478441e-08
0.003407022605177877,1.485195860869496e-08
0.003407041566581822,1.485110157524428e-08
0.003407059817502381,1.485027839081262e-08
0.003407079818951549,1.484939250666513e-08
0.003407100604504317,1.484848964891067e-08
0.003407125288440075,1.48474284032391e-08
0.003407149862463741,1.484637506555924e-08
0.003407182285941,1.484498493345926e-08
0.003407224937465676,1.4843152727541e-08
0.003407296517338316,1.484006032711465e-08
0.003407379636236691,1.48364241760325e-08
0.003407500502149226,1.483098224692034e-08
0.003407642743976769,1.482412615007355e-08
0.003407845514281952,1.481241555930577e-08
0.003408,1.480096395156319e-08
0.003408070458487056,1.479510678398355e-08
0.003408175393772209,1.478638744931395e-08
0.003408271626321454,1.477840143054048e-08
0.003408464091419945,1.476245371602442e-08
0.003408849021616926,1.473065620936189e-08
0.003409618882010888,1.466745301333875e-08
0.003411158602798812,1.454262096706398e-08
0.003414238044374661,1.429925502695773e-08
0.003420396927526357,1.383737944584814e-08
0.003432714693829751,1.300633346528734e-08
0.003457350226436538,1.164681414109544e-08
0.003494685406513996,1.012231018648454e-08
0.003551037132320452,8.523352978451213e-09
0.003622150722933931,7.146350639782663e-09
0.00371316031364699,5.912440229480306e-09
0.00383389646221648,4.747202262129201e-09
0.00391694823110824,4.134578137176268e-09
0.004,3.617511327435858e-09
0.00400025,3.616189272272936e-09
0.004000355457781347,3.615700443035642e-09
0.004000566373344041,3.614793159231326e-09
0.004000607976984076,3.614630776962541e-09
0.004000691184264145,3.614360076981589e-09
0.004000708973051228,3.614312613711305e-09
0.004000744550625392,3.61423857129418e-09
0.004000785037756483,3.614191333020892e-09
0.004000795023887415,3.614184076966285e-09
0.004000814996149279,3.614167258613293e-09
0.0040008359047929,3.614153354783143e-09
0.004000858575179947,3.614152871411495e-09
0.004000882815414082,3.614172981084107e-09
0.004000927874561173,3.614274386512107e-09
0.004001017992855354,3.614765517297166e-09
0.004001130863760862,3.615992160471468e-09
0.004001294128445711,3.619076744636544e-09
0.004001520044889994,3.625881997703051e-09
0.004001828713036356,3.639487250942134e-09
0.004002211601574128,3.661340145389081e-09
0.004002553858317788,3.683219876791945e-09
0.004002683940593475,3.69174728960658e-09
0.004002748981731318,3.696031394862631e-09
0.00400278150230024,3.69817785719462e-09
0.004002846543438084,3.702478823344208e-09
0.004002935320679452,3.708368967560772e-09
0.004003072655083225,3.717542771166563e-09
0.004003137487055664,3.721911195900346e-09
0.004003267151000542,3.730781865037567e-09
0.004003326931931343,3.734948006647845e-09
0.004003352755741585,3.736768251973945e-09
0.004003404403362067,3.740466731146395e-09
0.004003449843803187,3.743790892081479e-09
0.004003460925372112,3.744612045865479e-09
0.004003483088509961,3.746263347914086e-09
0.004003512837416953,3.748488119032942e-09
0.004003539854912299,3.750503423579753e-09
0.004003571937580368,3.752869904587722e-09
0.00400360564690423,3.755320607319266e-09
0.004003640548624118,3.757835742518347e-09
0.004003676159478959,3.760395048649552e-09
0.004003716448225111,3.763285962433338e-09
0.004003783752616659,3.768107580540462e-09
0.004003882305325557,3.775159464104896e-09
0.004004,3.783585499145783e-09
0.004004068661513547,3.78849979051571e-09
0.004004154733513105,3.794652200481968e-09
0.0040042395298781,3.800710836264032e-09
0.004004409122608092,3.812821100027531e-09
0.004004748308068074,3.837011955509618e-09
0.004005403282879586,3.883614201614522e-09
0.00400671323250261,3.976379757393423e-09
0.004009333131748658,4.16016773275753e-09
0.004014572930240754,4.520864122120573e-09
0.004025052527224946,5.215439522184952e-09
0.00404601172119333,6.502581464952142e-09
0.004079750673107087,8.311015064942371e-09
0.004113835760514212,9.838102132795385e-09
0.004131285137998967,1.051246927541286e-08
0.004149428291357258,1.113897536907852e-08
0.004153456917261262,1.126758277816001e-08
0.004161514169069269,1.151328000525043e-08
0.004168114748292796,1.170369896688287e-08
0.004174885146730594,1.188979543330583e-08
0.004176891024475,1.194322530695991e-08
0.004180902779963814,1.20478491884178e-08
0.004188926290941442,1.224846777159959e-08
0.004204973312896697,1.261737907595805e-08
0.004224067543067498,1.300483999543484e-08
0.004253471609787268,1.35069092740936e-08
0.004295100182958781,1.405690724315106e-08
0.004353169984862132,1.459008307107951e-08
0.004404,1.489678832750071e-08
0.0044040625,1.489705624675876e-08
0.0044041875,1.489738463712468e-08
0.0044044375,1.489730052152333e-08
0.00440467499535227,1.48964674295473e-08
0.004405039871532191,1.489415361148821e-08
0.004405394092904727,1.489066386482291e-08
0.004405810235037016,1.488455989228816e-08
0.004406574124346635,1.486707047523036e-08
0.004406716107367569,1.486280434461418e-08
0.004406787098878037,1.486045827661175e-08
0.004406929081898971,1.485517835049042e-08
0.004406956390435741,1.485406522977853e-08
0.004406991548286839,1.485257345476788e-08
0.004407026912151805,1.485100782679464e-08
0.004407035028035824,1.485064040704835e-08
0.004407051259803861,1.484990520732955e-08
0.004407070011064909,1.484906669822258e-08
0.004407086932342695,1.484832397235151e-08
0.004407120774898265,1.484686320828486e-08
0.004407147204650819,1.484573098428731e-08
0.004407176185048219,1.484448858349608e-08
0.00440721303930028,1.484290658556782e-08
0.004407286747804403,1.483972624782465e-08
0.004407369397128853,1.483611818867376e-08
0.004407484380996017,1.48309660244796e-08
0.004407618831098084,1.482457601075013e-08
0.004407824907393916,1.481298932130449e-08
0.004408,1.480019314824253e-08
0.004408069794035182,1.479439175241115e-08
0.004408179664407827,1.478526363769543e-08
0.004408281089165234,1.477684808377434e-08
0.004408483938680048,1.476004403101823e-08
0.004408889637709676,1.472654465397397e-08
0.004409701035768931,1.465998121402509e-08
0.004411323831887443,1.452860349253461e-08
0.004414569424124465,1.427284276890415e-08
0.004421060608598509,1.378885897137572e-08
0.004434042977546598,1.292287559788112e-08
0.004460007715442776,1.151929617764692e-08
0.004499114889151983,9.970966528913401e-09
0.004556879847018036,8.388805214494172e-09
0.004629165072926497,7.034571811204681e-09
0.004722328083447587,5.808686427592414e-09
0.004845945756703195,4.649880095222437e-09
0.005,3.606701541141163e-09
0.00500025,3.605394961443752e-09
0.005000355457781347,3.604907760809441e-09
0.005000566373344041,3.604003735097523e-09
0.005000607945743096,3.603842200165151e-09
0.005000691090541205,3.603574068395327e-09
0.005000708741535001,3.603527417768882e-09
0.005000744043522595,3.603454393414833e-09
0.005000785157967189,3.603406944331225e-09
0.005000810751478738,3.603386840100248e-09
0.00500083655805003,3.603370165110813e-09
0.005000845323235832,3.603368137400585e-09
0.005000862853607436,3.603372341761749e-09
0.005000893186965871,3.603407039912539e-09
0.005000945953249127,3.603560479175868e-09
0.005001042613245721,3.604194960210253e-09
0.005001170994715193,3.605831318620419e-09
0.005001346229656672,3.609621195576341e-09
0.005001590114419767,3.617794546406802e-09
0.005001936073923822,3.634428115275096e-09
0.005002309787491066,3.656790431781887e-09
0.005002394048814847,3.662192487049509e-09
0.005002562571462407,3.673137956807321e-09
0.00500262068535115,3.676946215261835e-09
0.005002736913128636,3.684595641484478e-09
0.005002913323478487,3.696278861119655e-09
0.005003120838167418,3.71018010671932e-09
0.005003190518772568,3.71491115975494e-09
0.005003329879982867,3.724562695059007e-09
0.005003360526547762,3.726728463330025e-09
0.005003421819677552,3.731146064663941e-09
0.005003429989793611,3.731744172750548e-09
0.005003446330025728,3.732946969050145e-09
0.005003472414041418,3.734884026923189e-09
0.005003494163801793,3.736509974918049e-09
0.005003515407986142,3.738100642938601e-09
0.005003549104949757,3.740609774772389e-09
0.005003579528246777,3.742845890084705e-09
0.005003618073488507,3.745640371029756e-09
0.005003653639767483,3.748201262747773e-09
0.005003689090656049,3.750749175254144e-09
0.00500373587401214,3.754106419678073e-09
0.005003810021939564,3.759419320063652e-09
0.00500392018078346,3.767306419310966e-09
0.005004,3.773025777873891e-09
0.005004062760215171,3.777518627954865e-09
0.005004138400748379,3.782929591051353e-09
0.005004210427816347,3.788080006313265e-09
0.005004354481952283,3.798375991508021e-09
0.005004642590224154,3.818946403996327e-09
0.005005168741611664,3.856439805740288e-09
0.005006221044386684,3.931142457291031e-09
0.005008325649936724,4.079419108095996e-09
0.005012534861036804,4.371507740717182e-09
0.005020953283236964,4.938195374824011e-09
0.005037790127637284,6.004410007780587e-09
0.005071463816437923,7.888335632292988e-09
0.005107685137778244,9.577781211043584e-09
0.005126773824795179,1.033956632714532e-08
0.005131742595715197,1.052414170751155e-08
0.005141680137555231,1.087630621047874e-08
0.005146648908475248,1.104374396736816e-08
0.005153883768768877,1.127697086946865e-08
0.005155575673340597,1.132969893050365e-08
0.005158959482484036,1.143312001581068e-08
0.00516450826292745,1.159705224828138e-08
0.005172207889302913,1.181374395121496e-08
0.005175813218034562,1.191115431904797e-08
0.005183018386357588,1.209858677324546e-08
0.005192505713084559,1.233133053587136e-08
0.005210557237956168,1.273354148357101e-08
0.005231418525233064,1.313813551182375e-08
0.005263351827017772,1.365104051595234e-08
0.005308712992845309,1.420175273413654e-08
0.005356356496422654,1.460985136783772e-08
0.005404,1.489421521276023e-08
0.0054040625,1.489448427461843e-08
0.0054041875,1.48948150314584e-08
0.0054044375,1.489473583557265e-08
0.005404674003326576,1.489391153036437e-08
0.005405040208080884,1.489159593577941e-08
0.005405396216967957,1.48880892929266e-08
0.005405813024156943,1.488196912781506e-08
0.005406583355797968,1.486426208875452e-08
0.00540672581916947,1.485994899144455e-08
0.005406797050855222,1.485757177956011e-08
0.005406939514226724,1.485221902199152e-08
0.005406983623387996,1.485037898855192e-08
0.005406997351304131,1.484978391201654e-08
0.0054070248071364,1.484856523434982e-08
0.005407050429820253,1.484740803409796e-08
0.005407069431848595,1.484655725545092e-08
0.005407089806023218,1.484566378827683e-08
0.005407116521231756,1.484451162383743e-08
0.005407144687750205,1.484330483192472e-08
0.005407171340801492,1.484216252303447e-08
0.005407210799918915,1.484046961319715e-08
0.005407272778936537,1.483779900582874e-08
0.005407355557632715,1.483419558481396e-08
0.005407456337170571,1.482971337094732e-08
0.005407597377972683,1.482310471148002e-08
0.005407771345085081,1.481380590529867e-08
0.005408,1.47976360877698e-08
0.005408069059041541,1.479189369396279e-08
0.005408188090337653,1.47820090455593e-08
0.005408302308517301,1.477253648541392e-08
0.005408530744876599,1.475362560798816e-08
0.005408987617595193,1.471594140041938e-08
0.005409901363032383,1.464112528593233e-08
0.005411728853906761,1.449371263319108e-08
0.005415383835655519,1.420774923953286e-08
0.005422693799153034,1.367049075311549e-08
0.005437313726148064,1.272213772280193e-08
0.005466553580138123,1.121803836588909e-08
0.005508084533694862,9.680588390327339e-09
0.005570062586506132,8.100715469422767e-09
0.005643369528227185,6.818177686988941e-09
0.0057444318177115,5.569642628615199e-09
0.005873237638547492,4.438958499447408e-09
0.006,3.610076546782321e-09
0.00600025,3.608768640848607e-09
0.006000355457781347,3.60828089891477e-09
0.006000566373344041,3.607375853136991e-09
0.006000607920336106,3.607214169965087e-09
0.006000691014320235,3.606945576941452e-09
0.00600070866833934,3.606898755004858e-09
0.00600074397637755,3.606825348052092e-09
0.006000784976278027,3.606777683230095e-09
0.006000795019168312,3.606770422200548e-09
0.006000815104948882,3.606753623093901e-09
0.006000836178661707,3.606740034877955e-09
0.006000858704890425,3.606740168115177e-09
0.00600088317404291,3.606761212635724e-09
0.006000929045143443,3.606866955976248e-09
0.00600102078734451,3.607378101213481e-09
0.006001133776002445,3.608626212631647e-09
0.006001298942479219,3.611786994668005e-09
0.006001526931675087,3.618732495666193e-09
0.006001838125342131,3.632574114950969e-09
0.006002221484558882,3.654567323091283e-09
0.006002563142807586,3.676449666146085e-09
0.006002695032401334,3.6851055310834e-09
0.006002760977198208,3.689453965713425e-09
0.006002793949596645,3.691632624106433e-09
0.00600285989439352,3.695998310860661e-09
0.006002949572661929,3.701955789537911e-09
0.006003087884318077,3.711210888744184e-09
0.006003149723728684,3.715386955405944e-09
0.006003273402549898,3.723866197634824e-09
0.006003332090141422,3.727964413366797e-09
0.006003356437180988,3.729684171904779e-09
0.00600340513126012,3.733176648585854e-09
0.006003450720335394,3.736515282533398e-09
0.006003461144003235,3.737288420388477e-09
0.006003481991338915,3.738842541546961e-09
0.006003508817771824,3.740849835737339e-09
0.006003537547506012,3.742994865992494e-09
0.006003569086016039,3.745324440034694e-09
0.006003602951956438,3.747789894899732e-09
0.006003638451114654,3.750349970656691e-09
0.006003674524013731,3.752943866033169e-09
0.006003713939962499,3.755773677444457e-09
0.006003780132149261,3.760518151064775e-09
0.006003876589238967,3.767423581996201e-09
0.006003938294619484,3.7718407680609e-09
0.006004,3.776261591009541e-09
0.006004056356115234,3.780297951684463e-09
0.00600411976030155,3.784832869421705e-09
0.006004183363586239,3.789380427688106e-09
0.006004310570155616,3.798471764852843e-09
0.00600456498329437,3.816637586159222e-09
0.006005073809571878,3.852902986474543e-09
0.006006091462126894,3.9251686061969e-09
0.006008126767236926,4.068644808095277e-09
0.00601219737745699,4.351417725089758e-09
0.006020338597897117,4.900583614306003e-09
0.006036621038777373,5.935933736514392e-09
0.006069185920537883,7.773055462371348e-09
0.00610602607084728,9.509390376790756e-09
0.006133834969948213,1.060206055384699e-08
0.006138707186895838,1.077520217192928e-08
0.006148451620791086,1.11047304085626e-08
0.006157648483059126,1.13949663334642e-08
0.006159603242340828,1.145405847138522e-08
0.006163512760904232,1.156963717364829e-08
0.006170827679932845,1.177718542951482e-08
0.006173785734994206,1.185804373124688e-08
0.00617970184511693,1.201479463713333e-08
0.006188141847582289,1.222742744196067e-08
0.006202660854176348,1.256498042878961e-08
0.006221298503883093,1.295029842483507e-08
0.006246978001579988,1.340351972879756e-08
0.006289795828508964,1.399523279418001e-08
0.006342060022824523,1.450391377704709e-08
0.006404,1.489747538214897e-08
0.0064040625,1.4897743038925e-08
0.0064041875,1.489807068148502e-08
0.0064044375,1.489798522079377e-08
0.00640467351789565,1.489715736471314e-08
0.00640504039199542,1.489483013809012e-08
0.006405396051053566,1.489131887574399e-08
0.006405813970263797,1.488517012873094e-08
0.006406584352591357,1.486742849988261e-08
0.006406726360631186,1.486312273746856e-08
0.006406797364651101,1.48607503554302e-08
0.00640693937269093,1.48554111205139e-08
0.006406983444111641,1.485357211416095e-08
0.006406997161446782,1.485297734367192e-08
0.006407024596117062,1.4851759299585e-08
0.006407050288972054,1.48505985539147e-08
0.006407069279478712,1.484974794437748e-08
0.006407089674732636,1.484885317585984e-08
0.006407116341293342,1.484770265116646e-08
0.006407144508548965,1.484649535627673e-08
0.00640717115351524,1.484535296112118e-08
0.006407210535387133,1.484366272610834e-08
0.006407272462599914,1.484099337432033e-08
0.006407355097557623,1.483739499616711e-08
0.006407455913159463,1.483290985708919e-08
0.006407596638609563,1.482631529825216e-08
0.00640777061157315,1.481701885359626e-08
0.006408,1.480079627260979e-08
0.006408069105798362,1.479504763458381e-08
0.006408188307140373,1.478514480476973e-08
0.006408302711844545,1.477565288921481e-08
0.006408531521252887,1.47567034039982e-08
0.006408989140069571,1.471894239736202e-08
0.006409904377702939,1.464397439685241e-08
0.006411734852969676,1.449626504918583e-08
0.00641539580350315,1.42097375232163e-08
0.006422717704570098,1.367146884985326e-08
0.006437361506703994,1.272151933847555e-08
0.006466649110971785,1.121540896342785e-08
0.006508184987836346,9.678577655351417e-09
0.006570188266499964,8.098805950370448e-09
0.006643508174436192,6.816616751057823e-09
0.006744606039440777,5.568149337216213e-09
0.006873451172322563,4.437567998215135e-09
0.007,3.610235031613472e-09
0.00700025,3.608927035053751e-09
0.007000355457781347,3.608439257772787e-09
0.007000566373344041,3.607534138149734e-09
0.007000607922158807,3.60737243203371e-09
0.007000691019788337,3.607103791620099e-09
0.007000708674380079,3.607056960159412e-09
0.007000743983563562,3.606983534439092e-09
0.007000784978741145,3.606935859489656e-09
0.007000795024778943,3.606928594042635e-09
0.00700081511685454,3.60691178535661e-09
0.0070008361892547,3.606898191581598e-09
0.007000858719612553,3.606898319552791e-09
0.007000883186854772,3.606919358319153e-09
0.007000929064067044,3.607025115398335e-09
0.007001020818491588,3.60753638285751e-09
0.007001133849399326,3.608785228599431e-09
0.007001298994059987,3.611946108643775e-09
0.007001527022253977,3.618893582589471e-09
0.007001838203728479,3.632735779952614e-09
0.007002221605388592,3.654732068411033e-09
0.007002563238019933,3.676612699520147e-09
0.007002695050242405,3.685263339186412e-09
0.007002760956353642,3.689609133490413e-09
0.007002793909409261,3.691786466502053e-09
0.007002859815520498,3.6961494921401e-09
0.007002949467335693,3.702105065194603e-09
0.007003087761000836,3.711358690368992e-09
0.007003149616253886,3.715535684414847e-09
0.007003273326759985,3.724016796785339e-09
0.007003332027840919,3.728115800536316e-09
0.007003356392152021,3.729836710367387e-09
0.007003405120774224,3.73333154410964e-09
0.007003450703910812,3.736669645524591e-09
0.007003461138977191,3.737443607718115e-09
0.007003482009109948,3.738999398166032e-09
0.007003508883108562,3.741010218337669e-09
0.007003537572931681,3.743152229509428e-09
0.007003569121271675,3.74548248026612e-09
0.007003602980538391,3.747947395964802e-09
0.007003638473655874,3.750506994185674e-09
0.007003674541210655,3.753100465033152e-09
0.007003713964928822,3.755930789783689e-09
0.00700378014223034,3.760674122504998e-09
0.007003876641408968,3.767582458421558e-09
0.007003938320704484,3.771997709519667e-09
0.007004,3.77641659450765e-09
0.007004056344202135,3.780452039063354e-09
0.007004119734051335,3.784985857033217e-09
0.00700418332439733,3.78953241294105e-09
0.00700431050508932,3.798621747185121e-09
0.0070045648664733,3.816783569620322e-09
0.00700507358924126,3.853040999996712e-09
0.007006091034777179,3.925290790673015e-09
0.007008125925849019,4.068735777328496e-09
0.007012195707992697,4.351448008560135e-09
0.007020335272280054,4.900499288945238e-09
0.007036614400854769,5.935645692398172e-09
0.007069172658004197,7.772451092707571e-09
0.007106013343348724,9.508898536639486e-09
0.007133824667158221,1.060171738713124e-08
0.007138697257051642,1.077488006572297e-08
0.007148442436838483,1.110444836924066e-08
0.007157644691497441,1.139486200210704e-08
0.007159598209870211,1.145391722928799e-08
0.007163505246615751,1.156942531520482e-08
0.007170803882468997,1.177652999300106e-08
0.007173769538764096,1.185760584226595e-08
0.007179700851354293,1.201476587223388e-08
0.007188150221611849,1.222762467017942e-08
0.007202569328099089,1.256294105590469e-08
0.007221258097850117,1.294949464373351e-08
0.007246853691334834,1.340148441686508e-08
0.00728968278680388,1.399386415186137e-08
0.0073419185818109,1.450273382993386e-08
0.007404,1.489743949598537e-08
0.0074040625,1.489770712900049e-08
0.0074041875,1.489803472755939e-08
0.0074044375,1.489794917918577e-08
0.0074046735230736,1.489712121917184e-08
0.007405040389760757,1.489479391530604e-08
0.007405396051688789,1.489128251279301e-08
0.007405813969434186,1.488513364827369e-08
0.007406584350669542,1.486739178202764e-08
0.007406726358898228,1.486308596827872e-08
0.007406797363012571,1.486071356301433e-08
0.007406939371241258,1.485537428658658e-08
0.007406983442678361,1.485353526983585e-08
0.007406997160028045,1.485294049574056e-08
0.007407024594727413,1.4851722444364e-08
0.007407050287601739,1.485056169214848e-08
0.007407069278132733,1.484971107727396e-08
0.007407089673392284,1.48488163038961e-08
0.007407116339923844,1.484766577437574e-08
0.00740714450729231,1.484645846818952e-08
0.00740717115223959,1.484531606771816e-08
0.007407210534268305,1.484362581683755e-08
0.007407272461808458,1.484095643633328e-08
0.007407355097230716,1.483735801773436e-08
0.007407455912428929,1.483287287082131e-08
0.007407596638910015,1.482627822183602e-08
0.00740777061139443,1.481698173741872e-08
0.007408,1.480075904053685e-08
0.007408069105758362,1.479501037268291e-08
0.007408188307090207,1.478510748649842e-08
0.007408302711823837,1.477561551357704e-08
0.007408531521291097,1.475666591351146e-08
0.007408989140225618,1.471890467681795e-08
0.007409904378094659,1.464393621513445e-08
0.007411734853832741,1.449622594351605e-08
0.007415395805308905,1.420969658015547e-08
0.007422717708261234,1.367142437036592e-08
0.007437361514165891,1.272146866115126e-08
0.007466649125975206,1.121534934328147e-08
0.007508184579996376,9.678524550543085e-09
0.007570187433964586,8.098752097030747e-09
0.007643507209087026,6.816556284252971e-09
0.007744604642598785,5.56808672960447e-09
0.007873449260833137,4.437503564295383e-09
0.008,3.610155262648522e-09
0.00800025,3.608847265046668e-09
0.008000355457781348,3.608359487334718e-09
0.008000566373344044,3.607454366807418e-09
0.008000607922181959,3.60729266040662e-09
0.00800069101985779,3.607024019409211e-09
0.008000708674456628,3.606977187832318e-09
0.008000743983654305,3.606903761884262e-09
0.008000784978774874,3.606856086812124e-09
0.008000795024850299,3.606848821311717e-09
0.008000815117001148,3.606832012510049e-09
0.00800083618938547,3.606818418667537e-09
0.008000858719792529,3.606818546574727e-09
0.008000883187011766,3.606839585271147e-09
0.008000929064297077,3.606945342513165e-09
0.008001020818867699,3.60745661143338e-09
0.008001133850282983,3.608705465995211e-09
0.00800129899468097,3.611866347200841e-09
0.008001527023340607,3.61881384473758e-09
0.008001838204671019,3.632656049109619e-09
0.008002221606837166,3.654652374282206e-09
0.008002563239160565,3.676532984710263e-09
0.008002695050441525,3.685183560773142e-09
0.008002760956082005,3.689529322939327e-09
0.008002793908902244,3.691706639818756e-09
0.008002859814542724,3.696069633066147e-09
0.008002949466029525,3.702025182487107e-09
0.008003087759463332,3.711278788859827e-09
0.008003149614921658,3.715455795013507e-09
0.008003273325838311,3.723936931828481e-09
0.008003332027085423,3.728035945306449e-09
0.008003356391608218,3.729756869254078e-09
0.008003405120653808,3.733251731899617e-09
0.008003450703719489,3.736589826940656e-09
0.008003461138923437,3.737363799082181e-09
0.008003482009331332,3.738919609674065e-09
0.008003508883897153,3.740930471882245e-09
0.008003537573252653,3.743072447658138e-09
0.00800356912170818,3.745402706337412e-09
0.008003602980899378,3.747867615879524e-09
0.008003638473943605,3.75042720830024e-09
0.008003674541431846,3.753020673869328e-09
0.008003713965247815,3.755851005096301e-09
0.008003780142378234,3.760594324647068e-09
0.008003876642090119,3.767502697414727e-09
0.008003938321045061,3.771917923306297e-09
0.008004000000000001,3.77633678304961e-09
0.008004056344046577,3.780372215694064e-09
0.008004119733708572,3.784906019397424e-09
0.008004183323885618,3.789452562348555e-09
0.00800431050423971,3.798541870702012e-09
0.008004564864947893,3.816703641446179e-09
0.008005073586364261,3.852960968802052e-09
0.008006091029196995,3.925210554877941e-09
0.008008125914862465,4.068655138087468e-09
0.008012195686193404,4.351366585101521e-09
0.008020335228855282,4.900416384945877e-09
0.008036614314179038,5.935560158767357e-09
0.00806917248482655,7.772361485175295e-09
0.008106013196363549,9.508811285125208e-09
0.00813382454445862,1.060163170159513e-08
0.008138697140437435,1.077479468517304e-08
0.008148442332395063,1.110436356139909e-08
0.00815764465139325,1.139477929498293e-08
0.008159598168507866,1.145383448423596e-08
0.008163505202737098,1.156934249759806e-08
0.008170803862446214,1.177644784011701e-08
0.008173769476137809,1.185752252495817e-08
0.008179700703520998,1.201468036790472e-08
0.008188150011322714,1.222753779925957e-08
0.008202569394981067,1.256286072004588e-08
0.008221257913991767,1.294940914975887e-08
0.008246853685740487,1.340140227291609e-08
0.008289682574615683,1.399377938625202e-08
0.008341918280454287,1.450264900574645e-08
0.008404,1.489735702178088e-08
0.0084040625,1.48976246546815e-08
0.0084041875,1.489795225300786e-08
0.0084044375,1.489786670417133e-08
0.008404673523071792,1.489703874374439e-08
0.008405040389768536,1.489471143917998e-08
0.008405396051695048,1.489120003605788e-08
0.008405813969452188,1.488505117056574e-08
0.008406584350710034,1.486730930190916e-08
0.008406726358937364,1.486300348777861e-08
0.008406797363051029,1.486063108231228e-08
0.008406939371278359,1.485529180549473e-08
0.00840698344271837,1.485345278846956e-08
0.008406997160063762,1.485285801450895e-08
0.008407024594754545,1.48516399634333e-08
0.008407050287601034,1.485047921243565e-08
0.008407069278132487,1.484962859752699e-08
0.008407089673386686,1.484873382436633e-08
0.008407116339931704,1.484758329423657e-08
0.008407144507295163,1.484637598823316e-08
0.008407171152248177,1.484523358748318e-08
0.008407210534275313,1.484354333662184e-08
0.008407272461816691,1.48408739559849e-08
0.008407355097251535,1.483727553672122e-08
0.008407455912490827,1.483279038778083e-08
0.008407596638932069,1.482619574031721e-08
0.008407770611487076,1.481689925107604e-08
0.008408000000000001,1.480067655935873e-08
0.008408069105758087,1.479492789135779e-08
0.008408188307075685,1.478502500605578e-08
0.00840830271178766,1.477553303464126e-08
0.008408531521211609,1.475658343757554e-08
0.008408989140059508,1.471882220682757e-08
0.008409904377755305,1.464385375681816e-08
0.008411734853146901,1.4496143507689e-08
0.008415395803930092,1.420961418598808e-08
0.008422717705496473,1.36713420474315e-08
0.008437361508629237,1.272138644246173e-08
0.008466649114894764,1.121526724032721e-08
0.008508184562291117,9.678442472102799e-09
0.008570187407512808,8.098669992740768e-09
0.008643507179223138,6.8164740479644e-09
0.008744604602664635,5.568004454404347e-09
0.008873449209075963,4.437421252262875e-09
0.009000000000000001,3.610072554935322e-09
0.009000250000000001,3.608764557329981e-09
0.009000355457781349,3.608276779616349e-09
0.009000566373344045,3.60737165908555e-09
0.009000607922182043,3.607209952683665e-09
0.00900069101985804,3.606941311684023e-09
0.009000708674456905,3.606894480106677e-09
0.009000743983654634,3.606821054157728e-09
0.009000784978774974,3.606773379085107e-09
0.009000795024850551,3.606766113584488e-09
0.009000815117001706,3.606749304782358e-09
0.009000836189385963,3.60673571093958e-09
0.009000858719793222,3.606735838846512e-09
0.009000883187012367,3.606756877542653e-09
0.009000929064297959,3.606862634785281e-09
0.009001020818869143,3.607373903711088e-09
0.009001133850286386,3.6086227583069e-09
0.009001298994683344,3.611783639516561e-09
0.009001527023344795,3.618731137144674e-09
0.009001838204674605,3.632573341541304e-09
0.009002221606842737,3.65456966685687e-09
0.009002563239164939,3.67645027720441e-09
0.009002695050442312,3.685100853024814e-09
0.009002760956080998,3.689446615068481e-09
0.009002793908900341,3.691623931886409e-09
0.009002859814539027,3.695986925010317e-09
0.00900294946602459,3.701942474342098e-09
0.009003087759457538,3.711196080644593e-09
0.009003149614916729,3.715373086849921e-09
0.00900327332583511,3.72385422376948e-09
0.009003332027082834,3.727953237283299e-09
0.009003356391606395,3.729674161282026e-09
0.009003405120653519,3.733169024032223e-09
0.009003450703718961,3.736507119051441e-09
0.009003461138923382,3.737281091227161e-09
0.009003482009332224,3.73883690188828e-09
0.009003508883899914,3.740847764234708e-09
0.009003537573253909,3.742989739896327e-09
0.009003569121709801,3.745319998600304e-09
0.009003602980900775,3.747784908123623e-09
0.009003638473944758,3.750344500524684e-09
0.009003674541432765,3.752937966075013e-09
0.009003713965249087,3.755768297325275e-09
0.009003780142378955,3.760511616832978e-09
0.009003876642092807,3.767419989736329e-09
0.009003938321046404,3.771835215528453e-09
0.009004000000000002,3.776254075172301e-09
0.009004056344045965,3.780289507769881e-09
0.009004119733707221,3.784823311416985e-09
0.009004183323883603,3.789369854317215e-09
0.009004310504236366,3.798459162568957e-09
0.009004564864941892,3.816620933110049e-09
0.009005073586352944,3.852878260061198e-09
0.009006091029175049,3.925127845333302e-09
0.009008125914819257,4.068572426957846e-09
0.009012195686107675,4.35128387089116e-09
0.00902033522868451,4.900333664919502e-09
0.00903661431383818,5.935477428411625e-09
0.009069172484145519,7.772278738820333e-09
0.009106013195788501,9.508728548184376e-09
0.009133824543979385,1.060154897081941e-08
0.009138697139982157,1.077471195559654e-08
0.009148442331987703,1.110428083407427e-08
0.009157644651238112,1.139469657589266e-08
0.00915959816834791,1.145375176500034e-08
0.009163505202567507,1.156925977808436e-08
0.009170803862367197,1.177636512312675e-08
0.009173769475896452,1.185743980353099e-08
0.009179700702954964,1.201459763814406e-08
0.009188150010518982,1.222745506429879e-08
0.009202569395233888,1.256277800999502e-08
0.009221257913292218,1.294932642011107e-08
0.009246853685719557,1.34013195560109e-08
0.009289682573814111,1.399369665942203e-08
0.009341918279318302,1.450256627869949e-08
0.009404000000000001,1.489727430357932e-08
0.009404062500000001,1.48975419364795e-08
0.009404187500000001,1.489786953480497e-08
0.009404437500000001,1.489778398596665e-08
0.009404673523071783,1.489695602553813e-08
0.00940504038976858,1.48946287209709e-08
0.009405396051695079,1.489111731784649e-08
0.00940581396945228,1.488496845235029e-08
0.009406584350710233,1.486722658368347e-08
0.009406726358937557,1.486292076955129e-08
0.009406797363051219,1.48605483640841e-08
0.009406939371278542,1.485520908726489e-08
0.009406983442718567,1.485337007023846e-08
0.00940699716006394,1.485277529627845e-08
0.009407024594754685,1.485155724520413e-08
0.00940705028760104,1.485039649421235e-08
0.009407069278132497,1.484954587930349e-08
0.00940708967338667,1.484865110614392e-08
0.009407116339931753,1.484750057601121e-08
0.009407144507295188,1.484629327000872e-08
0.009407171152248232,1.484515086925735e-08
0.009407210534275363,1.484346061839604e-08
0.009407272461816749,1.484079123775841e-08
0.009407355097251663,1.483719281849123e-08
0.009407455912491151,1.483270766954126e-08
0.009407596638932224,1.482611302208393e-08
0.00940777061148757,1.481681653281947e-08
0.009408000000000001,1.480059384113041e-08
0.009408069105758086,1.479484517312896e-08
0.009408188307075606,1.478494228783228e-08
0.009408302711787464,1.477545031642627e-08
0.009408531521211181,1.475650071937752e-08
0.009408989140058615,1.471873948866321e-08
0.009409904377753483,1.464377103871995e-08
0.009411734853143219,1.44960607897185e-08
0.009415395803922691,1.420953146825513e-08
0.009422717705481634,1.367125933010786e-08
0.00943736150859952,1.272130372574506e-08
0.009466649114835293,1.12151845243005e-08
0.009508184562201588,9.678359756088731e-09
0.009570187407380103,8.098587276608945e-09
0.009643507179074666,6.816391331171342e-09
0.00974460460246696,5.567921737421928e-09
0.009873449208818172,4.437338535120745e-09
0.01,3.609989835827882e-09
